Unnamed: 0,Fold1,Fold2,Sequence of fold-switching region,jobnames,sequences,Seq1,Seq2,select1,select2
0,1h38D,1qlnA,INGTDNEVVTVTDENTGEIS,1h38D,MNTINIAKNDFSDIELAAIPFNTLADHYGERLAREQLALEHESYEMGEARFRKMFERQLKAGEVADNAAAKPLITTLLPKMIARINDWFEEVKAKRGKRPTAFQFLQEIKPEAVAYITIKTTLACLTSADNTTVQAVASAIGRAIEDEARFGRIRDLEAKHFKKNVEEQLNKRVGHVYKKAFMQVVEADMLSKGLLGGEAWSSWHKEDSIHVGVRCIEMLIESTGMVSLHRQNAGVVGQDSETIELAPEYAEAIATRAGALAGISPMFQPCVVPPKPWTGITGGGYWANGRRPLALVRTHSKKALMRYEDVYMPEVYKAINIAQNTAWKINKKVLAVANVITKWKHCPVEDIPAIEREELPMKPEDIDMNPEALTAWKRAAAAVYRKDKARKSRRISLEFMLEQANKFANHKAIWFPYNMDWRGRVYAVSMFNPQGNDMTKGLLTLAKGKPIGKEGYYWLKIHGANCAGVDKVPFPERIKFIEENHENIMACAKSPLENTWWAEQDSPFCFLAFCFEYAGVQHHGLSYNCSLPLAFDGSCSGIQHFSAMLRDEVGGRAVNLLPSETVQDIYGIVAKKVNEILQADAINGTDNEVVTVTDENTGEISEKVKLGTKALAGQWLAYGVTRSVTKRSVMTLAYGSKEFGFRQQVLEDTIQPAIDSGKGLMFTQPNQAAGYMAKLIWESVSVTVVAAVEAMNWLKSAAKLLAAEVKDKKTGEILRKRCAVHWVTPDGFPVWQEYKKPIQTRLNLMFLGQFRLQPTINTNKDSEIDAHKQESGIAPNFVHSQDGSHLRKTVVWAHEKYGIESFALIHDSFGTIPADAANLFKAVRETMVDTYESCDVLADFYDQFADQLHESQLDKMPALPAKGNLNLRDILESDFAFA,MNTINIAKNDFSDIELAAIPFNTLADHYGERLAREQLALEHESYEMGEARFRKMFERQLKAGEVADNAAAKPLITTLLPKMIARINDWFEEVKAKRGKRPTAFQFLQEIKPEAVAYITIKTTLACLTSADNTTVQAVASAIGRAIEDEARFGRIRDLEAKHFKKNVEEQLNKRVGHVYKKAFMQVVEADMLSKGLLGGEAWSSWHKEDSIHVGVRCIEMLIESTGMVSLHRQNAGVVGQDSETIELAPEYAEAIATRAGALAGISPMFQPCVVPPKPWTGITGGGYWANGRRPLALVRTHSKKALMRYEDVYMPEVYKAINIAQNTAWKINKKVLAVANVITKWKHCPVEDIPAIEREELPMKPEDIDMNPEALTAWKRAAAAVYRKDKARKSRRISLEFMLEQANKFANHKAIWFPYNMDWRGRVYAVSMFNPQGNDMTKGLLTLAKGKPIGKEGYYWLKIHGANCAGVDKVPFPERIKFIEENHENIMACAKSPLENTWWAEQDSPFCFLAFCFEYAGVQHHGLSYNCSLPLAFDGSCSGIQHFSAMLRDEVGGRAVNLLPSETVQDIYGIVAKKVNEILQADAINGTDNEVVTVTDENTGEISEKVKLGTKALAGQWLAYGVTRSVTKRSVMTLAYGSKEFGFRQQVLEDTIQPAIDSGKGLMFTQPNQAAGYMAKLIWESVSVTVVAAVEAMNWLKSAAKLLAAEVKDKKTGEILRKRCAVHWVTPDGFPVWQEYKKPIQTRLNLMFLGQFRLQPTINTNKDSEIDAHKQESGIAPNFVHSQDGSHLRKTVVWAHEKYGIESFALIHDSFGTIPADAANLFKAVRETMVDTYESCDVLADFYDQFADQLHESQLDKMPALPAKGNLNLRDILESDFAFA,MNTINIAKNDFSDIELAAIPFNTLADHYGERLAREQLALEHESYEMGEARFRKMFERQLKAGEVADNAAAKPLITTLLPKMIARINDWFEEVKAKRGKRPTAFQFLQEIKPEAVAYITIKTTLACLTSADNTTVQAVASAIGRAIEDEARFGRIRDLEAKHFKKNVEEQLNKRVGHVYKKAFMQVVEADMLSKGLLGGEAWSSWHKEDSIHVGVRCIEMLIESTGMVSLHRQNAGVVGQDSETIELAPEYAEAIATRAGALAGISPMFQPCVVPPKPWTGITGGGYWANGRRPLALVRTHSKKALMRYEDVYMPEVYKAINIAQNTAWKINKKVLAVANVITKWKHCPVEDIPAIEREELPMKPEDIDMNPEALTAWKRAAAAVYRKDKARKSRRISLEFMLEQANKFANHKAIWFPYNMDWRGRVYAVSMFNPQGNDMTKGLLTLAKGKPIGKEGYYWLKIHGANCAGVDKVPFPERIKFIEENHENIMACAKSPLENTWWAEQDSPFCFLAFCFEYAGVQHHGLSYNCSLPLAFDGSCSGIQHFSAMLRDEVGGRAVNLLPSETVQDIYGIVAKKVNEILQADAINGTDNEVVTVTDENTGEISEKVKLGTKALAGQWLAYGVTRSVTKRSVMTLAYGSKEFGFRQQVLEDTIQPAIDSGKGLMFTQPNQAAGYMAKLIWESVSVTVVAAVEAMNWLKSAAKLLAAEVKDKKTGEILRKRCAVHWVTPDGFPVWQEYKKPIQTRLNLMFLGQFRLQPTINTNKDSEIDAHKQESGIAPNFVHSQDGSHLRKTVVWAHEKYGIESFALIHDSFGTIPADAANLFKAVRETMVDTYESCDVLADFYDQFADQLHESQLDKMPALPAKGNLNLRDILESDFAFA,resi 0-587+606-883,resi 0-587+606-883
1,1k0nA,1rk4B,KGVTFNVTTVDTKRRTETVQKLCPGGELPFLLYGTEVHTDTN,1k0nA,MAEEQPQVELFVKAGSDGAKIGNCPFSQRLFMVLWLKGVTFNVTTVDTKRRTETVQKLCPGGELPFLLYGTEVHTDTNKIEEFLEAVLCPPRYPKLAALNPESNTAGLDIFAKFSAYIKNSNPALNDNLEKGLLKALKVLDNYLTSPLPEGVDETSAEDEGVSQRKFLDGNELTLADCNLLPKLHIVQVVCKKYRGFTIPEAFRGVHRYLSNAYAREEFASTCPDDEEIELAYEQVAKALK,MAEEQPQVELFVKAGSDGAKIGNCPFSQRLFMVLWLKGVTFNVTTVDTKRRTETVQKLCPGGELPFLLYGTEVHTDTNKIEEFLEAVLCPPRYPKLAALNPESNTAGLDIFAKFSAYIKNSNPALNDNLEKGLLKALKVLDNYLTSPLPEGVDETSAEDEGVSQRKFLDGNELTLADCNLLPKLHIVQVVCKKYRGFTIPEAFRGVHRYLSNAYAREEFASTCPDDEEIELAYEQVAKALK,GSMAEEQPQVELFVKAGSDGAKIGNCPFSQRLFMVLWLKGVTFNVTTVDTKRRTETVQKLCPGGQLPFLLYGTEVHTDTNKIEEFLEAVLCPPRYPKLAALNPESNTAGLDIFAKFSAYIKNSNPALNDNLEKGLLKALKVLDNYLTSPLPEEVDETSAEDEGVSQRKFLDGNELTLADCNLLPKLHIVQVVCKKYRGFTIPEAFRGVHRYLSNAYAREEFASTCPDDEEIELAYEQVAKALK,resi 0-37+78-241,resi 0-39+80-243
2,1mnmC,1mnmD,DGLVFNVVTQDMINKSTKPY,1mnmC,QLTQKNKSADGLVFNVVTQDMINKSTKPYRGHRFTKENVRILESWFAKNIENPYLDTKGLENLMKNTSLSRIQIKNWVSNRRRKEKT,QLTQKNKSADGLVFNVVTQDMINKSTKPYRGHRFTKENVRILESWFAKNIENPYLDTKGLENLMKNTSLSRIQIKNWVSNRRRKEKT,QLTQKNKSADGLVFNVVTQDMINKSTKPYRGHRFTKENVRILESWFAKNIENPYLDTKGLENLMKNTSLSRIQIKNWVSNRRRKEKT,resi 0-8+31-87,resi 0-8+31-87
3,1nqdA,1nqjB,GSPGIPGNEKLKEKENNDSSDKATVIPNFNTTM,1nqdA,GSPGIPGNEKLKEKENNDSSDKATVIPNFNTTMQGSLLGDDSRDYYSFEVKEEGEVNIELDKKDEFGVTWTLHPESNINDRITYGQVDGNKVSNKVKLRPGKYYLLVYKYSGSGNYELRVNK,GSPGIPGNEKLKEKENNDSSDKATVIPNFNTTMQGSLLGDDSRDYYSFEVKEEGEVNIELDKKDEFGVTWTLHPESNINDRITYGQVDGNKVSNKVKLRPGKYYLLVYKYSGSGNYELRVNK,GGPGNEKLKEKENNDSSDKATVIPNFNTTMQGSLLGDDSRDYYSFEVKEEGEVNIELDKKDEFGVTWTLHPESNINDRITYGQVDGNKVSNKVKLRPGKYYLLVYKYSGSGNYELRVNK,resi 0-1+33-122,resi 0-1+30-119
4,1qomB,1nocA,LVPPVSGSITPVFHQEMLNYVL,1qomB,SLDKLHVTSTRPQYVRIKNWGSGEILHDTLHHKATSDFTCKSKSCLGSIMNPKSLTRGPRDKPTPLEELLPHAIEFINQYYGSFKEAKIEEHLARLEAVTKEIETTGTYQLTLDELIFATKMAWRNAPRCIGRIQWSNLQVFDARNCSTAQEMFQHICRHILYATNNGNIRSAITVFPQRSDGKHDFRLWNSQLIRYAGYQMPDGTIRGDAATLEFTQLCIDLGWKPRYGRFDVLPLVLQADGQDPEVFEIPPDLVLEVTMEHPKYEWFQELGLKWYALPAVANMLLEVGGLEFPACPFNGWYMGTEIGVRDFCDTQRYNILEEVGRRMGLETHTLASLWKDRAVTEINVAVLHSFQKQNVTIMDHHTASESFMKHMQNEYRARGGCPADWIWLVPPVSGSITPVFHQEMLNYVLSPFYYYQIEPWKTHIWQNEHHHHHH,SLDKLHVTSTRPQYVRIKNWGSGEILHDTLHHKATSDFTCKSKSCLGSIMNPKSLTRGPRDKPTPLEELLPHAIEFINQYYGSFKEAKIEEHLARLEAVTKEIETTGTYQLTLDELIFATKMAWRNAPRCIGRIQWSNLQVFDARNCSTAQEMFQHICRHILYATNNGNIRSAITVFPQRSDGKHDFRLWNSQLIRYAGYQMPDGTIRGDAATLEFTQLCIDLGWKPRYGRFDVLPLVLQADGQDPEVFEIPPDLVLEVTMEHPKYEWFQELGLKWYALPAVANMLLEVGGLEFPACPFNGWYMGTEIGVRDFCDTQRYNILEEVGRRMGLETHTLASLWKDRAVTEINVAVLHSFQKQNVTIMDHHTASESFMKHMQNEYRARGGCPADWIWLVPPVSGSITPVFHQEMLNYVLSPFYYYQIEPWKTHIWQNEHHHHHH,NPKSLTRGPRDKPTPLEELLPHAIEFINQYYGSFKEAKIEEHLARLEAVTKEIETTGTYQLTLDELIFATKMAWRNAPRCIGRIQWSNLQVFDARNCSTAQEMFQHICRHILYATNNGNIRSAITVFPQRSDGKHDFRLWNSQLIRYAGYQMPDGTIRGDAATLEFTQLCIDLGWKPRYGRFDVLPLVLQADGQDPEVFEIPPDLVLEVTMEHPKYEWFQELGLKWYALPAVANMLLEVGGLEFPACPFNGWYMGTEIGVRDFCDTQRYNILEEVGRRMGLETHTLASLWKDRAVTEINVAVLHSFQKQNVTIMDHHTASESFMKHMQNEYRARGGCPADWIWLVPPVSGSITPVFHQEMLNYVLSPFYYYQIEPWKTHIWQNEHHHH,resi 0-387+422-440,resi 0-337+372-388
5,1qs8B,1miqB,LGSENDVIELDDVANIMFYGEGEVGDNHQKFM,1miqB,TEHLTLAFKIERPYDKVLKTISKKNLKNYIKETFNFFKSGYMKQNYLGSENDVIELDDVANIMFYGEGEVGDNHQKFMLIFDTGSANLWVPSKKCNSSGCSIKNLYDSSKSKSYEKDGTKVDITYGSGTVKGFFSKDLVTLGHLSMPYKFIEVTDTDDLEPIYSSVEFDGILGLGWKDLSIGSIDPIVVELKNQNKIDNALFTFYLPVHDVHAGYLTIGGIEEKFYEGNITYEKLNHDLYWQIDLDVHFGKQTMEKANVIVDSGTTTITAPSEFLNKFFANLNVIKVPFLPFYVTTCDNKEMPTLEFKSANNTYTLEPEYYMNPILEVDDTLCMITMLPVDIDSNTFILGDPFMRKYFTVFDYDKESVGFAIAKN,LGSENDVIELDDVANIMFYGEGEVGDNHQKFMLIFDTGSANLWVPSKKCNSSGCSIKNLYDSSKSKSYEKDGTKVDITYGSGTVKGFFSKDLVTLGHLSMPYKFIEVIDTDDLEPIYSSVEFDGILGLGWKDLSIGSIDPIVVELKNQNKIDNALFTFYLPVHDVHAGYLTIGGIEEKFYEGNITYEKLNHDLYWQIDLDVHFGKQTMEKANVIVDSGTTTITAPSEFLNKFFANLNVIKVPFLPFYVTTCDNKEMPTLEFKSANNTYTLEPEYYMNPILEVDDTLCMITMLPVDIDSNTFILGDPFMRKYFTVFDYDKESVGFAIAKN,TEHLTLAFKIERPYDKVLKTISKKNLKNYIKETFNFFKSGYMKQNYLGSENDVIELDDVANIMFYGEGEVGDNHQKFMLIFDTGSANLWVPSKKCNSSGCSIKNLYDSSKSKSYEKDGTKVDITYGSGTVKGFFSKDLVTLGHLSMPYKFIEVTDTDDLEPIYSSVEFDGILGLGWKDLSIGSIDPIVVELKNQNKIDNALFTFYLPVHDVHAGYLTIGGIEEKFYEGNITYEKLNHDLYWQIDLDVHFGKQTMEKANVIVDSGTTTITAPSEFLNKFFANLNVIKVPFLPFYVTTCDNKEMPTLEFKSANNTYTLEPEYYMNPILEVDDTLCMITMLPVDIDSNTFILGDPFMRKYFTVFDYDKESVGFAIAKN,resi 0-1+32-329,resi 0-47+78-375
6,1repC,2z9oB,FFIGLQNRFTQFRLSETKEI,1repC,MAETAVINHKKRKNSPRIVQSNDLTEAAYSLSRDQKRMLYLFVDQIRKSDGTLQEHDGICEIHVAKYAEIFGLTSAEASKDIRQALKSFAGKEVVFYRPEEDAGDEKGYESFPWFIKPAHSPSRGLYSVHINPYLIPFFIGLQNRFTQFRLSETKEITNPYAMRLYESLCQYRKPDGSGIVSLKIDWIIERYQLPQSYQRMPDFRRRFLQVCVNEINSRTPMRLSYIEKKKGRQTTHIVFSFRDITSMTTG,MAETAVINHKKRKNSPRIVQSNDLTEAAYSLSRDQKRMLYLFVDQIRKSDGTLQEHDGICEIHVAKYAEIFGLTSAEASKDIRQALKSFAGKEVVFYRPEEDAGDEKGYESFPWFIKPAHSPSRGLYSVHINPYLIPFFIGLQNRFTQFRLSETKEITNPYAMRLYESLCQYRKPDGSGIVSLKIDWIIERYQLPQSYQRMPDFRRRFLQVCVNEINSRTPMRLSYIEKKKGRQTTHIVFSFRDITSMTTG,MRGSHHHHHHGSIEGRAETAVINHKKRKNSPRIVQSNDLTEAAYSLSRDQKRMLYLFVDQIRKSDGTLQEHDGICEIHVAKYAEIFGLTSAEASKDIRQALKSFAGKEVVFYRPEEDAGDEKGYESFPWFIKRAHSPSRGLYSVHINPYLIPFFIGLQNRFTQFRLSETKEITNPYAMRLYESLCQYRKPDGSGIVSLKIDWIIERYQLPQSYQRMPDFRRRFLQVCVNEINSRTPMRLSYIEKKKGRQTTHIVFSFRDITSMTTG,resi 0-137+158-251,resi 0-152+173-266
7,1uxmK,2namA,ATKVVCVLKGDGPVQGIINFEQKESNGPVKVWGSIKGLTEGLHGFHVHEFGDNTAGCTSAGPHFNPLSRKHGGPKDEERHVGDLGNVTADKDGVADVSIEDSVISLSGDHCIIGRTLVVHEKADDLGKGGNEESTKTGNAGSRLACGVIGIAQ,1uxmK,ATKVVCVLKGDGPVQGIINFEQKESNGPVKVWGSIKGLTEGLHGFHVHEFGDNTAGCTSAGPHFNPLSRKHGGPKDEERHVGDLGNVTADKDGVADVSIEDSVISLSGDHCIIGRTLVVHEKADDLGKGGNEESTKTGNAGSRLACGVIGIAQ,ATKVVCVLKGDGPVQGIINFEQKESNGPVKVWGSIKGLTEGLHGFHVHEFGDNTAGCTSAGPHFNPLSRKHGGPKDEERHVGDLGNVTADKDGVADVSIEDSVISLSGDHCIIGRTLVVHEKADDLGKGGNEESTKTGNAGSRLACGVIGIAQ,MGHHHHHHATKAVCVLKGDGPVQGIINFEQKESNGPVKVWGSIKGLTEGLHGFHVHEFGDNTAGCTSAGPHFNPLSRKHGGPKDEERHVGDLGNVTADKDGVADVSIEDSVISLSGDHCIIGRTLVVHEKADDLGKGGNEESTKTGNAGSRLACGVIGIAQ,resi 0-1+153-153,resi 0-9+161-161
8,1wyyB,5wrgC,VQIDRLITGGRGGSDVDLGDISGINASVVNIQKEIDRLNEVAKNLNESLIDLQELGKY,1wyyB,GSAYRFNGIGVTQNVLYENQKQIANQFNKAISQIQESLTTTSTALGKLQDVVNQNAQALNTLVKQLSSNFGAISSVLNDILSRLDKVEAEVQIDRLITGGRGGSDVDLGDISGINASVVNIQKEIDRLNEVAKNLNESLIDLQELGKYE,GSAYRFNGIGVTQNVLYENQKQIANQFNKAISQIQESLTTTSTALGKLQDVVNQNAQALNTLVKQLSSNFGAISSVLNDILSRLDKVEAEVQIDRLITGGRGGSDVDLGDISGINASVVNIQKEIDRLNEVAKNLNESLIDLQELGKYE,MFIFLLFLTLTSGSDLDRCTTFDDVQAPNYTQHTSSMRGVYYPDEIFRSDTLYLTQDLFLPFYSNVTGFHTINHTFGNPVIPFKDGIYFAATEKSNVVRGWVFGSTMNNKSQSVIIINNSTNVVIRACNFELCDNPFFAVSKPMGTQTHTMIFDNAFNCTFEYISDAFSLDVSEKSGNFKHLREFVFKNKDGFLYVYKGYQPIDVVRDLPSGFNTLKPIFKLPLGINITNFRAILTAFSPAQDIWGTSAAAYFVGYLKPTTFMLKYDENGTITDAVDCSQNPLAELKCSVKSFEIDKGIYQTSNFRVVPSGDVVRFPNITNLCPFGEVFNATKFPSVYAWERKKISNCVADYSVLYNSTFFSTFKCYGVSATKLNDLCFSNVYADSFVVKGDDVRQIAPGQTGVIADYNYKLPDDFMGCVLAWNTRNIDATSTGNYNYKYRYLRHGKLRPFERDISNVPFSPDGKPCTPPALNCYWPLNDYGFYTTTGIGYQPYRVVVLSFELLNAPATVCGPKLSTDLIKNQCVNFNFNGLTGTGVLTPSSKRFQPFQQFGRDVSDFTDSVRDPKTSEILDISPCSFGGVSVITPGTNASSEVAVLYQDVNCTDVSTAIHADQLTPAWRIYSTGNNVFQTQAGCLIGAEHVDTSYECDIPIGAGICASYHTVSLLASTSQKSIVAYTMSLGADSSIAYSNNTIAIPTNFSISITTEVMPVSMAKTSVDCNMYICGDSTECANLLLQYGSFCTQLNRALSGIAAEQDRNTREVFAQVKQMYKTPTLKYFGGFNFSQILPDPLKPTKRSFIEDLLFNKVTLADAGFMKQYGECLGDINARDLICAQKFNGLTVLPPLLTDDMIAAYTAALVSGTATAGWTFGAGAALQIPFAMQMAYRFNGIGVTQNVLYENQKQIANQFNKAISQIQESLTTTSTALGKLQDVVNQNAQALNTLVKQLSSNFGAISSVLNDILSRLDKVEAEVQIDRLITGRLQSLQTYVTQQLIRAAEIRASANLAATKMSECVLGQSKRVDFCGKGYHLMSFPQAAPHGVVFLHVTYVPSQERNFTTAPAICHEGKAYFPREGVFVFNGTSWFITQRNFFSPQIITTDNTFVSGNCDVVIGIINNTVYDPLQPELDSFKEELDKYFKNHTSPDVDLGDISGINASVVNIQKEIDRLNEVAKNLNESLIDLQELGKYEQYIKWPWSHPQFEK,resi 0-71+149-149,resi 0-1113+1192-1203
9,1x0gA,1x0gD,ERLQTHGVRRGQAAILRIQVQPSECGDWRYDLALVAEPKPTDLLTQSQGWTIAIAAEAAELLRGLRVDYIEDLMGGAFRFHNPNASQTCGCGMAFRVS,1x0gA,MVELTPAAIQELERLQTHGVRRGQAAILRIQVQPSECGDWRYDLALVAEPKPTDLLTQSQGWTIAIAAEAAELLRGLRVDYIEDLMGGAFRFHNPNASQTCGCGMAFRVSRS,MVELTPAAIQELERLQTHGVRRGQAAILRIQVQPSECGDWRYDLALVAEPKPTDLLTQSQGWTIAIAAEAAELLRGLRVDYIEDLMGGAFRFHNPNASQTCGCGMAFRVSRS,MVELTPAAIQELERLQTHGVRRGQAAILRIQVQPSECGDWRYDLALVAEPKPTDLLTQSQGWTIAIAAEAAELLRGLRVDYIEDLMGGAFRFHNPNASQTCGCGMAFRVSRS,resi 0-1+112-112,resi 0-1+112-112
10,1xjtA,1xjuB,GNAEGCRRDPYMCPAGVWTDGIGNTHGVTPG,1xjtA,MKGKTAAGGGAICAIAVMITIVMGNGNVRTNQAGLELIGNAEGCRRDPYMCPAGVWTDGIGNTHGVTPGVRKTDQQIAADWEKNILIAERCINQHFRGKDMPDNAFSAMTSAAFNMGCNSLRTYYSKARGMRVETSIHKWAQKGEWVNMCNHLPDFVNSNGVPLRGLKIRREKERQLCLTGLVNEHHHHHH,MKGKTAAGGGAICAIAVMITIVMGNGNVRTNQAGLELIGNAEGCRRDPYMCPAGVWTDGIGNTHGVTPGVRKTDQQIAADWEKNILIAERCINQHFRGKDMPDNAFSAMTSAAFNMGCNSLRTYYSKARGMRVETSIHKWAQKGEWVNMCNHLPDFVNSNGVPLRGLKIRREKERQLCLTGLVNEHHHHHH,RTNQAGLELIGNAEGCRRDPYMCPAGVWTDGIGNTHGVTPGVRKTDQQIAADWEKNILIAERCINQHFRGKDMPDNAFSAMTSAAFNMGCNSLRTYYSKARGMRVETSIHKWAQKGEWVNMCNHLPDFVNSNGVPLRGLKIRREKERQLCLTGLVNEHHHHHH,resi 0-39+69-191,resi 0-11+41-163
11,1xntA,3lqcA,STHCAENLLKADTYRKWRAAKAG,1xntA,MPEIRLRHVVSCSSQDSTHCAENLLKADTYRKWRAAKAGEKTISVVLQLEKEEQIHSVDIGNDGSAFVEVLVGSSAGGAGEQDYEVLLVTSSFMSPSESRSGSNPNRVRMFGPDKLVRAAAEKRWDRVKIVCSQPYSKDSPFGLSFVRFHSPPDKDEAEAPSQKVTVTKLGQFRVKEEEESAN,MPEIRLRHVVSCSSQDSTHCAENLLKADTYRKWRAAKAGEKTISVVLQLEKEEQIHSVDIGNDGSAFVEVLVGSSAGGAGEQDYEVLLVTSSFMSPSESRSGSNPNRVRMFGPDKLVRAAAEKRWDRVKIVCSQPYSKDSPFGLSFVRFHSPPDKDEAEAPSQKVTVTKLGQFRVKEEEESAN,MPEIRLRHVVSCSSQDSTHCAENLLKADTYRKWRAAKAGEKTISVVLQLEKEEQIHSVDIGNDGSAFVEVLVGSSAGGAGEQDYEVLLVTSSFMSPSESRSGSNPNRVRMFGPDKLVRAAAEKRWDRVKIVCSQPYSKDSPFGLSFVRFHSPPDKDEAEAPSQKVTVTKLGQFRVKEEDESANHHHHHH,resi 0-17+39-183,resi 0-17+39-189
12,2a73B,3l5nB,NLEESCTRFYHPEKEDGKLNKLCRDELCRCAEENCFI,2a73B,VQLTEKRMDKVGKYPKELRKCCEDGMRENPMRFSCQRRTRFISLGEACKKVFLDCCNYITELRRQHARASHLGLARSNLDEDIIAEENIVSRSEFPESWLWNVEDLKEPPKNGISTKLMNIFLKDSITTWEILAVSMSDKKGICVADPFEVTVMQDFFIDLRLPYSVVRNEQVEIRAVLYNYRQNQELKVRVELLHNPAFCSLATTKRRHQQTVTIPPKSSLSVPYVIVPLKTGLQEVEVKAAVYHHFISDGVRKSLKVVPEGIRMNKTVAVRTLDPERLGREGVQKEDIPPADLSDQVPDTESETRILLQGTPVAQMTEDAVDAERLKHLIVTPSGCGEQNMIGMTPTVIAVHYLDETEQWEKFGLEKRQGALELIKKGYTQQLAFRQPSSAFAAFVKRAPSTWLTAYVVKVFSLAVNLIAIDSQVLCGAVKWLILEKQKPDGVFQEDAPVIHQEMIGGLRNNNEKDMALTAFVLISLQEAKDICEEQVNSLPGSITKAGDFLEANYMNLQRSYTVAIAGYALAQMGRLKGPLLNKFLTTAKDKNRWEDPGKQLYNVEATSYALLALLQLKDFDFVPPVVRWLNEQRYYGGGYGSTQATFMVFQALAQYQKDAPDHQELNLDVSLQLPSRSSKITHRIHWESASLLRSEETKENEGFTVTAEGKGQGTLSVVTMYHAKAKDQLTCNKFDLKVTIKPAPETEKRPQDAKNTMILEICTRYRGDQDATMSILDISMMTGFAPDTDDLKQLANGVDRYISKYELDKAFSDRNTLIIYLDKVSHSEDDCLAFKVHQYFNVELIQPGAVKVYAYYNLEESCTRFYHPEKEDGKLNKLCRDELCRCAEENCFIQKSDDKVTLEERLDKACEPGVDYVYKTRLVKVQLSNDFDEYIMAIEQTIKSGSDEVQVGQQRTFISPIKCREALKLEEKKHYLMWGLSSDFWGEKPNLSYIIGKDTWVEHWPEEDECQDEENQKQCQDLGAFTESMVVFGCPN,VQLTEKRMDKVGKYPKELRKCCEDGMRENPMRFSCQRRTRFISLGEACKKVFLDCCNYITELRRQHARASHLGLARSNLDEDIIAEENIVSRSEFPESWLWNVEDLKEPPKNGISTKLMNIFLKDSITTWEILAVSMSDKKGICVADPFEVTVMQDFFIDLRLPYSVVRNEQVEIRAVLYNYRQNQELKVRVELLHNPAFCSLATTKRRHQQTVTIPPKSSLSVPYVIVPLKTGLQEVEVKAAVYHHFISDGVRKSLKVVPEGIRMNKTVAVRTLDPERLGREGVQKEDIPPADLSDQVPDTESETRILLQGTPVAQMTEDAVDAERLKHLIVTPSGCGEQNMIGMTPTVIAVHYLDETEQWEKFGLEKRQGALELIKKGYTQQLAFRQPSSAFAAFVKRAPSTWLTAYVVKVFSLAVNLIAIDSQVLCGAVKWLILEKQKPDGVFQEDAPVIHQEMIGGLRNNNEKDMALTAFVLISLQEAKDICEEQVNSLPGSITKAGDFLEANYMNLQRSYTVAIAGYALAQMGRLKGPLLNKFLTTAKDKNRWEDPGKQLYNVEATSYALLALLQLKDFDFVPPVVRWLNEQRYYGGGYGSTQATFMVFQALAQYQKDAPDHQELNLDVSLQLPSRSSKITHRIHWESASLLRSEETKENEGFTVTAEGKGQGTLSVVTMYHAKAKDQLTCNKFDLKVTIKPAPETEKRPQDAKNTMILEICTRYRGDQDATMSILDISMMTGFAPDTDDLKQLANGVDRYISKYELDKAFSDRNTLIIYLDKVSHSEDDCLAFKVHQYFNVELIQPGAVKVYAYYNLEESCTRFYHPEKEDGKLNKLCRDELCRCAEENCFIQKSDDKVTLEERLDKACEPGVDYVYKTRLVKVQLSNDFDEYIMAIEQTIKSGSDEVQVGQQRTFISPIKCREALKLEEKKHYLMWGLSSDFWGEKPNLSYIIGKDTWVEHWPEEDECQDEENQKQCQDLGAFTESMVVFGCPN,SNLDEDIIAEENIVSRSEFPESWLWNVEDLKEPPKNGISTKLMNIFLKDSITTWEILAVSMSDKKGICVADPFEVTVMQDFFIDLRLPYSVVRNEQVEIRAVLYNYRQNQELKVRVELLHNPAFCSLATTKRRHQQTVTIPPKSSLSVPYVIVPLKTGLQEVEVKAAVYHHFISDGVRKSLKVVPEGIRMNKTVAVRTLDPERLGREGVQKEDIPPADLSDQVPDTESETRILLQGTPVAQMTEDAVDAERLKHLIVTPSGCGEQNMIGMTPTVIAVHYLDETEQWEKFGLEKRQGALELIKKGYTQQLAFRQPSSAFAAFVKRAPSTWLTAYVVKVFSLAVNLIAIDSQVLCGAVKWLILEKQKPDGVFQEDAPVIHQEMIGGLRNNNEKDMALTAFVLISLQEAKDICEEQVNSLPGSITKAGDFLEANYMNLQRSYTVAIAGYALAQMGRLKGPLLNKFLTTAKDKNRWEDPGKQLYNVEATSYALLALLQLKDFDFVPPVVRWLNEQRYYGGGYGSTQATFMVFQALAQYQKDAPDHQELNLDVSLQLPSRSSKITHRIHWESASLLRSEETKENEGFTVTAEGKGQGTLSVVTMYHAKAKDQLTCNKFDLKVTIKPAPETEKRPQDAKNTMILEICTRYRGDQDATMSILDISMMTGFAPDTDDLKQLANGVDRYISKYELDKAFSDRNTLIIYLDKVSHSEDDCLAFKVHQYFNVELIQPGAVKVYAYYNLEESCTRFYHPEKEDGKLNKLCRDELCRCAEENCFIQKSDDKVTLEERLDKACEPGVDYVYKTRLVKVQLSNDFDEYIMAIEQTIKSGSDEVQVGQQRTFISPIKCREALKLEEKKHYLMWGLSSDFWGEKPNLSYIIGKDTWVEHWPEEDECQDEENQKQCQDLGAFTESMVVFGCPN,resi 0-812+848-991,resi 0-736+772-915
13,2hdmA,2n54B,DPQATWVRDCVRSMDRKSNTRN,2hdmA,GSEVSDKRTCVSLTTQRLPCSRIKTYTITEGSLRAVIFITKRGLKVCADPQATWVRDCVRSMDRKSNTRNNMIQTKPTGTQQSTNTAVTLTG,GSEVSDKRTCVSLTTQRLPCSRIKTYTITEGSLRAVIFITKRGLKVCADPQATWVRDCVRSMDRKSNTRNNMIQTKPTGTQQSTNTAVTLTG,VGSEVSDKRTCVSLTTQRLPVSRIKTYTITEGSLRCVIFITKRGLKVCCDPQATWVRDVVRSMDRKSNTRNNMIQTKPTGTQQSTNTAVTLTG,resi 0-49+70-92,resi 0-50+71-93
14,6c6sD,2ougC,KVIITEGAFEGFQAIFTEPDGEARSMLLLNLINKEIKHSVKNTEFRKL,2ougC,MQSWYLLYCKRGQLQRAQEHLERQAVNCLAPMITLEKIVRGKRTAVSEPLFPNYLFVEFDPEVIHTTTINATRGVSHFVRFGASPAIVPSAVIHQLSVYKPKDIVDPATPYPGDKVIITEGAFEGFQAIFTEPDGEARSMLLLNLINKEIKHSVKNTEFRKL,MQSWYLLYCKRGQLQRAQEHLERQAVNCLAPMITLEKIVRGKRTAVSEPLFPNYLFVEFDPEVIHTTTINATRGVSHFVRFGASPAIVPSAVIHQLSVYKPKDIVDPATPYPGDKVIITEGAFEGFQAIFTEPDGEARSMLLLNLINKEIKHSVKNTEFRKL,MQSWYLLYCKRGQLQRAQEHLERQAVNCLAPMITLEKIVRGKRTAVSEPLFPNYLFVEFDPEVIHTTTINATRGVSHFVRFGASPAIVPSAVIHQLSVYKPKDIVDPATPYPGDKVIITEGAFEGFQAIFTEPDGEARSMLLLNLINKEIKHSVKNTEFRKL,resi 0-94+162-162,resi 0-94+162-162
15,3ejhA,3m7pA,DQCIVDDITYNVQDTFHKKHEEG,3ejhA,DQCIVDDITYNVQDTFHKKHEEGHMLNCTCFGQGRGRWKCDPVDQCQDSETGTFYQIGDSWEKYVHGVRYQCYCYGRGIGEWHCQPLQTYPSS,DQCIVDDITYNVQDTFHKKHEEGHMLNCTCFGQGRGRWKCDPVDQCQDSETGTFYQIGDSWEKYVHGVRYQCYCYGRGIGEWHCQPLQTYPSS,QPHPQPPPYGHCVTDSGVVYSVGMQWLKTQGNKQMLCTCLGNGVSCQETAVTQTYGGNSNGEPCVLPFTYNGRTFYSCTTEGRQDGHLWCSTTSNYEQDQKYSFCTDHTVLVQTRGGNSNGALCHFPFLYNNHNYTDCTSEGRRDNMKWCGTTQNYDADQKFGFCPMAAHEEICTTNEGVMYRIGDQWDKQHDMGHMMRCTCVGNGRGEWTCIAYSQLRDQCIVDDITYNVNDTFHKRHEEGHMLNCTCFGQGRGRWKCDPVDQCQDSETGTFYQIGDSWEKYVHGVRYQCYCYGRGIGEWHCQPLQT,resi 0-1+23-93,resi 0-220+242-308
16,3hdeA,3hdfA,GACDQLRRWTYAGGKQWKGL,3hdeA,MPPSLRKAVAAAIGGGAIAIASVLITGPSGNDGLEGVSYIPYKDIVGVWTVCHGHTGKDIMLGKTYTKAECKALLNKDLATVARQINPYIKVDIPETMRGALYSFVYNVGAGNFRTSTLLRKINQGDIKGACDQLRRWTYAGGKQWKGLMTRREIEREICLWGQQ,MPPSLRKAVAAAIGGGAIAIASVLITGPSGNDGLEGVSYIPYKDIVGVWTVCHGHTGKDIMLGKTYTKAECKALLNKDLATVARQINPYIKVDIPETMRGALYSFVYNVGAGNFRTSTLLRKINQGDIKGACDQLRRWTYAGGKQWKGLMTRREIEREICLWGQQ,MGPSGNDGLEGVSYIPYKDIVGVWTVCHGHTGKDIMLGKTYTKAECKALLNKDLATVARQINPYIKVDIPETMRGALYSFVYNVGAGNFRTSTLLRKINQGDIKGACDQLRRWTYAGGKQWKGLMTRREIEREICLWGQQ,resi 0-130+149-165,resi 0-105+124-140
17,3ifaA,5et5A,PFETDMLTLTRYVMEKGRQA,3ifaA,TDRSPFETDMLTLTRYVMEKGRQAKGTGELTQLLNSMLTAIKAISSAVRKAGLAHLYGIAGSVNVTGDQVKKLDVLSNSLVINMLQSSYSTCVLVSEENKDAIITAKEKRGKYVVCFDPLDGSSNIDCLASIGTIFAIYRKTSEDEPSEKDALQCGRNIVAAGYALYGSATLVALSTGQGVDLFMLDPALGEFVLVEKDVKIKKKGKIYSLNEGYAKYFDAATTEYVQKKKFPEDGSAPYGARYVGSMVADVHRTLVYGGIFLYPANQKSPKGKLRLLYECNPVAYIIEQAGGLATTGTQPVLDVKPEAIHQRVPLILGSPEDVQEYLTCVQKNQAGS,TDRSPFETDMLTLTRYVMEKGRQAKGTGELTQLLNSMLTAIKAISSAVRKAGLAHLYGIAGSVNVTGDEVKKLDVLSNSLVINMLQSSYSTCVLVSEENKDAIITAKEKRGKYVVCFDPLDGSSNIDCLASIGTIFAIYRKTSEDEPSEKDALQCGRNIVAAGYALYGSATLVALSTGQGVDLFMLDPALGEFVLVEKDVKIKKKGKIYSLNEGYAKYFDAATTEYVQKKKFPEDGSAPYGARYVGSMVADVHRTLVYGGIFLYPANQKSPKGKLRLLYECNPVAYIIEQAGGLATTGTQPVLDVKPEAIHQRVPLILGSPEDVQEYLTCVQKNQAGS,TDRSPFETDMLTLTRYVMEKGRQAKGTGELTQLLNSMLTAIKAISSAVRKAGLAHLYGIAGSVNVTGDEVKKLDVLSNSLVINMLQSSYSTCVLVSEENKDAIITAKEKRGKYVVCFDPLDGSSNIDCLASIGTIFAIYRKTSEDEPSEKDALQCGRNIVAAGYALYGSATLVALSTGQGVDLFMLDPALGEFVLVEKDVKIKKKGKIYSLNEGYAKYFDAATTEYVQKKKFPEDGSAPYGARYVGSMVADVHRTLVYGGIFLYPANQKSPKGKLRLLYECNPVAYIIEQAGGLATTGTQPVLDVKPEAIHQRVPLILGSPEDVQEYLTCVQKNQAGS,resi 0-5+24-338,resi 0-5+24-338
18,3j7wB,3j7vG,GDKLALFLKVFGGEVLTAFART,3j7wB,MASMTGGQQMGTNQGKGVVAAGDKLALFLKVFGGEVLTAFARTSVTTSRHMVRSISSGKSAQFPVLGRTQAAYLAPGENLDDKRKDIKHTEKVITIDGLLTADVLIYDIEDAMNHYDVRSEYTSQLGESLAMAADGAVLAEIAGLCNVESKYNENIEGLGTATVIETTQNKAALTDQVALGKEIIAALTKARAALTKNYVPAADRVFYCDPDSYSAILAALMPNAANYAALIDPEKGSIRNVMGFEVVEVPHLTAGGAGTAREGTTGQKHVFPANKGEGNVKVAKDNVIGLFMHRSAVGTVKLRDLALERARRANFQADQIIAKYAMGHGGLRPEAAGAVVFKVE,MASMTGGQQMGTNQGKGVVAAGDKLALFLKVFGGEVLTAFARTSVTTSRHMVRSISSGKSAQFPVLGRTQAAYLAPGENLDDKRKDIKHTEKVITIDGLLTADVLIYDIEDAMNHYDVRSEYTSQLGESLAMAADGAVLAEIAGLCNVESKYNENIEGLGTATVIETTQNKAALTDQVALGKEIIAALTKARAALTKNYVPAADRVFYCDPDSYSAILAALMPNAANYAALIDPEKGSIRNVMGFEVVEVPHLTAGGAGTAREGTTGQKHVFPANKGEGNVKVAKDNVIGLFMHRSAVGTVKLRDLALERARRANFQADQIIAKYAMGHGGLRPEAAGAVVFKVE,MASMTGGQQMGTNQGKGVVAAGDKLALFLKVFGGEVLTAFARTSVTTSRHMVRSISSGKSAQFPVLGRTQAAYLAPGENLDDKRKDIKHTEKVITIDGLLTADVLIYDIEDAMNHYDVRSEYTSQLGESLAMAADGAVLAEIAGLCNVESKYNENIEGLGTATVIETTQNKAALTDQVALGKEIIAALTKARAALTKNYVPAADRVFYCDPDSYSAILAALMPNAANYAALIDPEKGSIRNVMGFEVVEVPHLTAGGAGTAREGTTGQKHVFPANKGEGNVKVAKDNVIGLFMHRSAVGTVKLRDLALERARRANFQADQIIAKYAMGHGGLRPEAAGAVVFKVE,resi 0-20+45-345,resi 0-20+45-345
19,3j97M,1xtgB,MALDMGNEIDTQNRQIDRIMEKADSNKTRIDEANQRATKM,3j97M,MRNELEEMQRRADQLADESLESTRRMLQLVEESKDAGIRTLVMLDEQGEQLDRVEEGMNHINQDMKEAEKNLKDLGKFCGLCVCPCNKLKSSDAYKKAWGNNQDGVVASQPARVVDEREQMAISGGFIRRVTNDARENEMDENLEQVSGIIGNLRHMALDMGNEIDTQNRQIDRIMEKADSNKTRIDEANQRATKMLG,MRNELEEMQRRADQLADESLESTRRMLQLVEESKDAGIRTLVMLDEQGEQLDRVEEGMNHINQDMKEAEKNLKDLGKFCGLCVCPCNKLKSSDAYKKAWGNNQDGVVASQPARVVDEREQMAISGGFIRRVTNDARENEMDENLEQVSGIIGNLRHMALDMGNEIDTQNRQIDRIMEKADSNKTRIDEANQRATKMLG,MDENLEQVSGIIGNLRHMALDMGNEIDTQNRQIDRIMEKADSNKTRIDEANQRATKMLG,resi 0-157+196-198,resi 0-18+57-59
20,3jv6A,1zk9A,STASWEGRADFSQADVHRQIAIVFKTPPY,3jv6A,TSELRICRINKESGPCTGGEELYLLCDKVQKEDISVVFSTASWEGRADFSQADVHRQIAIVFKTPPYEDLEISEPVTVNVFLQRLTDGVCSEPLPFTYLPR,TSELRICRINKESGPCTGGEELYLLCDKVQKEDISVVFSTASWEGRADFSQADVHRQIAIVFKTPPYEDLEISEPVTVNVFLQRLTDGVCSEPLPFTYLPR,LVPRGSHMNTSELRICRINKESGPCTGGEELYLLCDKVQKEDISVVFSTASWEGRADFSQADVHRQIAIVFKTPPYEDLEISEPVTVNVFLQRLTDGVCSEPLPFTYLPR,resi 0-12+94-101,resi 0-21+103-110
21,3kuyA,5c3iF,TVALREIRRYQKSTELLIRK,3kuyA,ARTKQTARKSTGGKAPRKQLATKAARKSAPATGGVKKPHRYRPGTVALREIRRYQKSTELLIRKLPFQRLVREIAQDFKTDLRFQSSAVMALQEASEAYLVALFEDTNLCAIHAKRVTIMPKDIQLARRIRGERA,ARTKQTARKSTGGKAPRKQLATKAARKSAPATGGVKKPHRYRPGTVALREIRRYQKSTELLIRKLPFQRLVREIAQDFKTDLRFQSSAVMALQEASEAYLVALFEDTNLCAIHAKRVTIMPKDIQLARRIRGERA,ARTKQTARKSTGGKAPRKQLATKAARKSAPATGGVKKPHRYRPGTVALREIRRYQKSTELLIRKLPFQRLVREIAQDFKTDLRFQSSAVMALQEASEAYLVALFEDTNLCAIHAKRVTIMPKDIQLARRIRGERA,resi 0-45+64-135,resi 0-45+64-135
22,3m1bF,3lowA,KNGERIEKVEHSDLSFSKDWSFYLLYYTEFTPTEKDEYACRVNHVTLSQPKIVKWDRDM,3m1bF,IQRTPKIQVYSRHPAENGKSNFLNCYVSGFHPSDIEVDLLKNGERIEKVEHSDLSFSKDWSFYLLYYTEFTPTEKDEYACRVNHVTLSQPKIVKWDRDM,IQRTPKIQVYSRHPAENGKSNFLNCYVSGFHPSDIEVDLLKNGERIEKVEHSDLSFSKDWSFYLLYYTEFTPTEKDEYACRVNHVTLSQPKIVKWDRDM,MIQRTPKIQVYSRHPAENGKSNFLNCYVSGFHPSDIEVDLLKNGERIEKVEHSDLSFSKDWSFYLLYYTEFTPTEKDEYACRVNHVTLSQPKIVKWDRDM,resi 0-18+99-99,resi 0-19+100-100
23,3o44A,1xezA,VTGGVEVSGDGPKAKLEARA,3o44A,SGFASPAPANSETNTLPHVAFYISVNRAISDEECTFNNSWLWKNEKGSRPFCKDANISLIYRVNLERSLQYGIVGSATPDAKIVRISLDDDSTGAGIHLNDQLGYRQFGASYTTLDAYFREWSTDAIAQDYRFVFNASNNKAQILKTFPVDNINEKFERKEVSGFELGVTGGVEVSGDGPKAKLEARASYTQSRWLTYNTQDYRIERNAKNAQAVSFTWNRQQYATAESLLNRSTDALWVNTYPVDVNRISPLSYASFVPKMDVIYKASATETGSTDFIIDSSVNIRPIYNGAYKHYYVVGAHQSYHGFEDTPRRRITKSASFTVDWDHPVFTGGRPVNLQLASFNNRCIQVDAQGRLTANMCDSQQSAQSFIYDQLGRYVSASNTKLCLDGAALDALQPCNQNLTQRWEWRKGTDELTNVYSGESLGHDKQTGELGLYASSNDAVSLRTITAYTDVFNAQESSPILGYTQGKMNQQRVGQDNRLYVRAGAAIDALGSASDLLVGGNGGSLSSVDLSGVKSITATSGDFQYGGQQLVALTFTYQDGRQQTVGSKAYVTNAHEDRFDLPDAAKITQLKIWADDWLVKGVQFDLN,SGFASPAPANSETNTLPHVAFYISVNRAISDEECTFNNSWLWKNEKGSRPFCKDANISLIYRVNLERSLQYGIVGSATPDAKIVRISLDDDSTGAGIHLNDQLGYRQFGASYTTLDAYFREWSTDAIAQDYRFVFNASNNKAQILKTFPVDNINEKFERKEVSGFELGVTGGVEVSGDGPKAKLEARASYTQSRWLTYNTQDYRIERNAKNAQAVSFTWNRQQYATAESLLNRSTDALWVNTYPVDVNRISPLSYASFVPKMDVIYKASATETGSTDFIIDSSVNIRPIYNGAYKHYYVVGAHQSYHGFEDTPRRRITKSASFTVDWDHPVFTGGRPVNLQLASFNNRCIQVDAQGRLTANMCDSQQSAQSFIYDQLGRYVSASNTKLCLDGAALDALQPCNQNLTQRWEWRKGTDELTNVYSGESLGHDKQTGELGLYASSNDAVSLRTITAYTDVFNAQESSPILGYTQGKMNQQRVGQDNRLYVRAGAAIDALGSASDLLVGGNGGSLSSVDLSGVKSITATSGDFQYGGQQLVALTFTYQDGRQQTVGSKAYVTNAHEDRFDLPDAAKITQLKIWADDWLVKGVQFDLN,GAMGSNINEPSGEAADIISQVADSHAIKYYNAADWQAEDNALPSLAELRDLVINQQKRVLVDFSQISDAEGQAEMQAQFRKAYGVGFANQFIVITEHKGELLFTPFDRTEEIDPALLEAPRTAALLGASGFASPAPANSETNTLPHVAFYISVNRAISDEECTFNNSWLWKNEKGSRPFCKDANISLIYRVNLERSLQYGIVGSATPDAKIVRISLDDDSTGAGIHLNDQLGYRQFGASYTTLDAYFREWSTDAIAQDYRFVFNASNNKAQILKTFPVDNINEKFERKEVSGFELGVTGGVEVSGDGPKAKLEARASYTQSRWLTYNTQDYRIERNAKNAQAVSFTWNRQQYATAESLLNRSTDALWVNTYPVDVNRISPLSYASFVPKMDVIYKASATETGSTDFIIDSSVNIRPIYNGAYKHYYVVGAHQSYHGFEDTPRRRITKSASFTVDWDHPVFTGGRPVNLQLASFNNRCIQVDAQGRLTANMCDSQQSAQSFIYDQLGRYVSASNTKLCLDGAALDALQPCNQNLTQRWEWRKGTDELTNVYSGESLGHDKQTGELGLYASSNDAVSLRTITAYTDVFNAQESSPILGYTQGKMNQQRVGQDNRLYVRAGAAIDALGSASDLLVGGNGGSLSSVDLSGVKSITATSGDFQYGGQQLVALTFTYQDGRQQTVGSKAYVTNAHEDRFDLPDAAKITQLKIWADDWLVKGVQFDLN,resi 0-168+189-593,resi 0-296+317-721
24,3qy2A,1qb3A,LLFKRPLNYEAELRAATAAA,3qy2A,MYHHYHAFQGRKLTDQERARVLEFQDSIHYSPRYSDDNYEYRHVMLPKAMLKVIPSDYFNSEVGTLRILTEDEWRGLGITQSLGWEHYECHAAEPHILLFKRPLNYEAELRAATAAA,MYHHYHAFQGRKLTDQERARVLEFQDSIHYSPRYSDDNYEYRHVMLPKAMLKVIPSDYFNSEVGTLRILTEDEWRGLGITQSLGWEHYECHAAEPHILLFKRPLNYEAELRAATAAA,MYHHYHAFQGRKLTDQERARVLEFQDSIHYSPRYSDDNYEYRHVMLPKAMLKVIPSDYFNSEVGTLRILTEDEWRGLGITQSLGWEHYECHAPEPHILLFKRPLNYEAELRAATAAAQQQQQQQQQQQQQQQQHQTQSISNDMQVPPQIS,resi 0-85+117-117,resi 0-85+117-150
25,3tp2A,5lj3M,WRDKSAKVQVKESELPSSIPAQTGLTFNIWYNKWSQGFAGNT,3tp2A,GAMTSWRDKSAKVQVKESELPSSIPAQTGLTFNIWYNKWSQGFAGNTRFVSPFALQPQLHSGKTRGDNDGQLFFCLFFAKGMCCLGPKCEYLHHIPDEEDIGKLALRTEVLDCFGREKFADYREDMGGIGSFRKKNKTLYVGGIDGALNSKHLKPAQIESRIRFVFSRLGDIDRIRYVESKNCGFVKFKYQANAEFAKEAMSNQTLLLPSDKEWDDRREGTGLLVKWAN,GAMTSWRDKSAKVQVKESELPSSIPAQTGLTFNIWYNKWSQGFAGNTRFVSPFALQPQLHSGKTRGDNDGQLFFCLFFAKGMCCLGPKCEYLHHIPDEEDIGKLALRTEVLDCFGREKFADYREDMGGIGSFRKKNKTLYVGGIDGALNSKHLKPAQIESRIRFVFSRLGDIDRIRYVESKNCGFVKFKYQANAEFAKEAMSNQTLLLPSDKEWDDRREGTGLLVKWAN,MTSWRDKSAKVQVKESELPSSIPAQTGLTFNIWYNKWSQGFAGNTRFVSPFALQPQLHSGKTRGDNDGQLFFCLFFAKGMCCLGPKCEYLHHIPDEEDIGKLALRTEALDCFGREKFADYREDMGGIGSFRKKNKTLYVGGIDGALNSKHLKPAQIESRIRFVFSRLGDIDRIRYVESKNCGFVKFKYQANAEFAKEAMSNQTLLLPSDKEWDDRREGTGLLVKWANEDPDPAAQKRLQEELKLESLNMMVHLINNNTNSAGTEVNNKNNERLDRTFPEASVDNVKKRLLPLDNGMESDDFIEKLKKVKKNISRENISSKPSVGKLGGPLLDYLSSDED,resi 0-6+47-229,resi 0-4+45-339
26,3uyiA,3v0tA,VPYSPIGRGLFAGKAIKESL,3uyiA,HMPRVKLGTQGLEVSKLGFGCMGLSGDYNDALPEEQGIAVIKEAFNCGITFFDTSDIYGENGSNEELLGKALKQLPREKIQVGTKFGIHEIGFSGVKAKGTPDYVRSCCEASLKRLDVDYIDLFYIHRIDTTVPIEITMGELKKLVEEGKIKYVGLSEASPDTIRRAHAVHPVTALQIEYSLWTRDIEDEIVPLCRQLGIGIVPYSPIGRGLFAGKAIKESLPENSVLTSHPRFVGENLEKNKQIYYRIEALSQKHGCTPVQLALAWVLHQGEDVVPIPGTTKIKNLHNNVGALKVKLTKEDLKEISDAVPLDEVAGESIHEVIAVTNWKFANTPPL,HMPRVKLGTQGLEVSKLGFGCMGLSGDYNDALPEEQGIAVIKEAFNCGITFFDTSDIYGENGSNEELLGKALKQLPREKIQVGTKFGIHEIGFSGVKAKGTPDYVRSCCEASLKRLDVDYIDLFYIHRIDTTVPIEITMGELKKLVEEGKIKYVGLSEASPDTIRRAHAVHPVTALQIEYSLWTRDIEDEIVPLCRQLGIGIVPYSPIGRGLFAGKAIKESLPENSVLTSHPRFVGENLEKNKQIYYRIEALSQKHGCTPVQLALAWVLHQGEDVVPIPGTTKIKNLHNNVGALKVKLTKEDLKEISDAVPLDEVAGESIHEVIAVTNWKFANTPPL,MPRVKLGTQGLEVSKLGFGCMGLSGDYNDALPEEQGIAVIKEAFNCGITFFDTSDIYGENGSNEELLGKALKQLPREKIQVGTKFGIHEIGFSGVKAKGTPDYVRSCCEASLKRLDVDYIDLFYIHRIDTTVPIEITMGELKKLVEEGKIKYVGLSEASPDTIRRAHAVHPVTALQIEYSLWTRDIEDEIVPLCRQLGIGIVPYSPIGRGLFWGKAIKESLPENSVLTSHPRFVGENLEKNKQIYYRIEALSQKHGCTPVQLALAWVLHQGEDVVPIPGTTKIKNLHNNVGALKVKLTKEDLKEISDAVPLDEVAGESIHEVIAVTNWKFANTPPLK,resi 0-202+223-337,resi 0-201+222-337
27,3zwgN,4tsyD,SADVAGAVIDGAGLGFDVLK,3zwgN,SADVAGAVIDGAGLGFDVLKTVLEALGNVKRKIAVGIDNESGKTWTAMNTYFRSGTSDIVLPHKVAHGKALLYNGQKNRGPVATGVVGVIAYSMSDGNTLAVLFSVPYDYNWYSNWWNVRVYKGQKRADQRMYEELYYHRSPFRGDNGWHSRGLGYGLKSRGFMNSSGHAILEIHVTKA,SADVAGAVIDGAGLGFDVLKTVLEALGNVKRKIAVGIDNESGKTWTAMNTYFRSGTSDIVLPHKVAHGKALLYNGQKNRGPVATGVVGVIAYSMSDGNTLAVLFSVPYDYNWYSNWWNVRVYKGQKRADQRMYEELYYHRSPFRGDNGWHSRGLGYGLKSRGFMNSSGHAILEIHVTKA,SADVAGAVIDGAGLGFDVLKTVLEALGNVKRKIAVGIDNESGKTWTAMNTYFRSGTSDIVLPHKVAHGKALLYNGQKNRGPVATGVVGVIAYSMSDGNTLAVLFSVPYDYNWYSNWWNVRVYKGQKRADQRMYEELYYHRSPFRGDNGWHSRGLGYGLKSRGFMNSSGHAILEIHVTKA,resi 0-1+20-179,resi 0-1+20-179
28,4aanA,4aalA,GYFPFGVREDPGPVVRPVDDTGRYKVTSTAADKY,4aanA,WSHPQFEKGAETAVPNSEDVMKRAQGLFKPIPAKPPVMKDNPASPSRVELGRMLFFDPRLSASHLISCNTCHNVGLGGTDILETSIGHGWQKGPRNSPTVLNAVYNIAQFWDGRAEDLAAQAKGPVQASVEMNNKPENLVATLKSIPGYPPLFRKAFPGQGDPVTFDNVAKAIEVFEATLVTPDAPFDKYLKGNRKAISSTAEQGLALFLDKGCAACHSGVNMGGTGYFPFGVREDPGPVVRPVDDTGRYKVTSTAADKYVFRSPSLRNVAITMPYFHSGKVWKLKDAVKIMGSAQLGISITDADADKIVTFLNTLTGAQPKVMHPVLPPNSDDTPRPVSN,WSHPQFEKGAETAVPNSEDVMKRAQGLFKPIPAKPPVMKDNPASPSRVELGRMLFFDPRLSASHLISCNTCHNVGLGGTDILETSIGHGWQKGPRNSPTVLNAVYNIAQFWDGRAEDLAAQAKGPVQASVEMNNKPENLVATLKSIPGYPPLFRKAFPGQGDPVTFDNVAKAIEVFEATLVTPDAPFDKYLKGNRKAISSTAEQGLALFLDKGCAACHSGVNMGGTGYFPFGVREDPGPVVRPVDDTGRYKVTSTAADKYVFRSPSLRNVAITMPYFHSGKVWKLKDAVKIMGSAQLGISITDADADKIVTFLNTLTGAQPKVMHPVLPPNSDDTPRPVSN,WSHPQFEKGAETAVPNSEDVMKRAQGLFKPIPAKPPVMKDNPASPSRVELGRMLFFDPRLSASHLISCNTCHNVGLGGTDILETSIGHGWQKGPRNSPTVLNAVYNIAQFWDGRAEDLAAQAKGPVQASVEMNNKPENLVATLKSIPGYPPLFRKAFPGQGDPVTFDNVAKAIEVFEATLVTPDAPFDKYLKGNRKAISSTAEQGLALFLDKGCAACHSGVNMGGTGYFPFGVREDPGPVVRPVDDTGRYKVTSTAADKYVFRSPSLRNVAITMPYFHSGKVWKLKDAVKIMGSAQLGISITDADADKIVTFLNTLTGAQPKVMHPVLPPNSDDTPRPVSN,resi 0-227+260-341,resi 0-227+260-341
29,4gqcC,4gqcB,SPVCTKELCTFRDKMAQLEKANA,4gqcC,MKGLVELGEKAPDFTLPNQDFEPVNLYEVLKRGRPAVLIFFPAAFSPVCTKELCTFRDKMAQLEKANAEVLAISVDSPWCLKKFKDENRLAFNLLSDYNREVIKLYNVYHEDLKGLKMVAKRAVFIVKPDGTVAYKWVTDNPLNEPDYDEVVREANKIAGELVA,MKGLVELGEKAPDFTLPNQDFEPVNLYEVLKRGRPAVLIFFPAAFSPVCTKELCTFRDKMAQLEKANAEVLAISVDSPWCLKKFKDENRLAFNLLSDYNREVIKLYNVYHEDLKGLKMVAKRAVFIVKPDGTVAYKWVTDNPLNEPDYDEVVREANKIAGELVA,MKGLVELGEKAPDFTLPNQDFEPVNLYEVLKRGRPAVLIFFPAAFSPVCTKELCTFRDKMAQLEKANAEVLAISVDSPWCLKKFKDENRLAFNLLSDYNREVIKLYNVYHEDLKGLKMVAKRAVFIVKPDGTVAYKWVTDNPLNEPDYDEVVREANKIAGELVA,resi 0-46+68-164,resi 0-46+68-164
30,4j3oF,2jmrA,ADSTITIRGYVRDNGCSVAAESTNF,4j3oF,ADSTITIRGYVRDNGCSVAAESTNFTVDLMENAAKQFNNIGATTPVVPFRILLSPCGNAVSAVKVGFTGVADSHNANLLALENTVSAASGLGIQLLNEQQNQIPLNAPSSALSWTTLTPGKPNTLNFYARLMATQVPVTAGHINATATFTLEYQ,ADSTITIRGYVRDNGCSVAAESTNFTVDLMENAAKQFNNIGATTPVVPFRILLSPCGNAVSAVKVGFTGVADSHNANLLALENTVSAASGLGIQLLNEQQNQIPLNAPSSALSWTTLTPGKPNTLNFYARLMATQVPVTAGHINATATFTLEYQ,MADSTITIRGYVRDNGCSVAAESTNFTVDLMENAAKQFNNIGATTPVVPFRILLSPCGNAVSAVKVGFTGVADSHNANLLALENTVSAASGLGIQLLNEQQNQIPLNAPSSALSWTTLTPGKPNTLNFYARLMATQVPVTAGHINATATFTLEYQDNHHHHHHKQADSTITIRGYVRDN,resi 0-1+27-154,resi 0-2+28-179
31,4jphB,5hk5H,HHQIKEVLASSQEALVVTERKY,4jphB,MRKNRPAGAIPSPYKDGSSNNSERWHHQIKEVLASSQEALVVTERKYLKSDWCKTQPLRQTVSEEGCRSRTILNRFCYGQCNSFYIPRHVKKEEDSFQSCAFCKPQRVTSVIVELECPGLDPPFRIKKIQKVKHCRCMSVNLSDSDKQ,MRKNRPAGAIPSPYKDGSSNNSERWHHQIKEVLASSQEALVVTERKYLKSDWCKTQPLRQTVSEEGCRSRTILNRFCYGQCNSFYIPRHVKKEEDSFQSCAFCKPQRVTSVIVELECPGLDPPFRIKKIQKVKHCRCMSVNLSDSDKQ,MRKNRPAGAIPSPYKDGSSNNSERWHHQIKEVLASSQEALVVTERKYLKSDWCKTQPLRQTVSEEGCRSRTILNRFCYGQCNSFYIPRHVKKEEDSFQSCAFCKPQRVTSVIVELECPGLDPPFRIKKIQKVKHCRCMSVNLSDSDKQ,resi 0-21+52-148,resi 0-21+52-148
32,4nc9C,4n9wA,AAEGPIVATFHTSTTKSLTLSVF,4nc9C,GSGAMRIGMVCPYSFDVPGGVQSHVLQLAEVLRDAGHEVSVLAPASPHVKLPDYVVSGGKAVPIPYNGSVARLRFGPATHRKVKKWIAEGDFDVLHIHEPNAPSLSMLALQAAEGPIVATFHTSTTKSLTLSVFQGILRPYHEKIIGRIAVSDLARRWQMEALGSDAVEIPNGVDVASFADAPLLDGYPREGRTVLFLGRYDEPRKGMAVLLAALPKLVARFPDVEILIVGRGDEDELREQAGDLAGHLRFLGQVDDATKASAMRSADVYCAPHLGGESFGIVLVEAMAAGTAVVASDLDAFRRVLADGDAGRLVPVDDADGMAAALIGILEDDQLRAGYVARASERVHRYDWSVVSAQIMRVYETVSGAGIKVQVSGAANRDETAGESV,GSGAMRIGMVCPYSFDVPGGVQSHVLQLAEVLRDAGHEVSVLAPASPHVKLPDYVVSGGKAVPIPYNGSVARLRFGPATHRKVKKWIAEGDFDVLHIHEPNAPSLSMLALQAAEGPIVATFHTSTTKSLTLSVFQGILRPYHEKIIGRIAVSDLARRWQMEALGSDAVEIPNGVDVASFADAPLLDGYPREGRTVLFLGRYDEPRKGMAVLLAALPKLVARFPDVEILIVGRGDEDELREQAGDLAGHLRFLGQVDDATKASAMRSADVYCAPHLGGESFGIVLVEAMAAGTAVVASDLDAFRRVLADGDAGRLVPVDDADGMAAALIGILEDDQLRAGYVARASERVHRYDWSVVSAQIMRVYETVSGAGIKVQVSGAANRDETAGESV,GSGAMRIGMVCPYSFDVPGGVQSHVLQLAEVLRDAGHEVSVLAPASPHVKLPDYVVSGGKAVPIPYNGSVARLRFGPATHRKVKKWIAEGDFDVLHIHEPNAPSLSMLALQAAEGPIVATFHTSTTKSLTLSVFQGILRPYHEKIIGRIAVSDLARRWQMEALGSDAVEIPNGVDVASFADAPLLDGYPREGRTVLFLGRYDEPRKGMAVLLAALPKLVARFPDVEILIVGRGDEDELREQAGDLAGHLRFLGQVDDATKASAMRSADVYCAPHLGGESFGIVLVEAMAAGTAVVASDLDAFRRVLADGDAGRLVPVDDADGMAAALIGILEDDQLRAGYVARASERVHRYDWSVVSAQIMRVYETVSGAGIKVQVSGAANRDETAGESV,resi 0-111+135-390,resi 0-111+135-390
33,4o0pA,4o01D,DLGPRHSFDTYLEEKRGYAE,4o0pA,MASMTGGQQMGRGSMSRDPLPFFPPLYLGGPEITTENCEREPIHIPGSIQPHGALLTADGHSGEVLQMSLNAATFLGQEPTVLRGQTLAALLPEQWPALQAALPPGCPDALQYRATLDWPAAGHLSLTVHRVGELLILEFEPTEAWDSTGPHALRNAMFALESAPNLRALAEVATQTVRELTGFDRVMLYKFAPDATGEVIAEARREGLHAFLGHRFPASDIPAQARALYTRHLLRLTADTRAAAVPLDPVLNPQTNAPTPLGGAVLRATSPMHMQYLRNMGVGSSLSVSVVVGGQLWGLIACHHQTPYVLPPDLRTTLEYLGRLLSLQVQVKEAADVAAFRQSLREHHARVALAAAHSLSPHDTLSDPALDLLGLMRAGGLILRFEGRWQTLGEVPPAPAVDALLAWLETQPGALVQTDALGQLWPAGADLAPSAAGLLAISVGEGWSECLVWLRPELRLEVAWGGATPDQAKDDLGPRHSFDTYLEEKRGYAEPWHPGEIEEAQDLRDTLTGALEHHHHHH,MASMTGGQQMGRGSMSRDPLPFFPPLYLGGPEITTENCEREPIHIPGSIQPHGALLTADGHSGEVLQMSLNAATFLGQEPTVLRGQTLAALLPEQWPALQAALPPGCPDALQYRATLDWPAAGHLSLTVHRVGELLILEFEPTEAWDSTGPHALRNAMFALESAPNLRALAEVATQTVRELTGFDRVMLYKFAPDATGEVIAEARREGLHAFLGHRFPASDIPAQARALYTRHLLRLTADTRAAAVPLDPVLNPQTNAPTPLGGAVLRATSPMHMQYLRNMGVGSSLSVSVVVGGQLWGLIACHHQTPYVLPPDLRTTLEYLGRLLSLQVQVKEAADVAAFRQSLREHHARVALAAAHSLSPHDTLSDPALDLLGLMRAGGLILRFEGRWQTLGEVPPAPAVDALLAWLETQPGALVQTDALGQLWPAGADLAPSAAGLLAISVGEGWSECLVWLRPELRLEVAWGGATPDQAKDDLGPRHSFDTYLEEKRGYAEPWHPGEIEEAQDLRDTLTGALEHHHHHH,MASMTGGQQMGRGSMSRDPLPFFPPLYLGGPEITTENCEREPIHIPGSIQPHGALLTADGHSGEVLQMSLNAATFLGQEPTVLRGQTLAALLPEQWPALQAALPPGCPDALQYRATLDWPAAGHLSLTVHRVGELLILEFEPTEAWDSTGPHALRNAMFALESAPNLRALAEVATQTVRELTGFDRVMLYKFAPDATGEVIAEARREGLHAFLGHRFPASDIPAQARALYTRHLLRLTADTRAAAVPLDPVLNPQTNAPTPLGGAVLRATSPMHMQYLRNMGVGSSLSVSVVVGGQLWGLIACHHQTPYVLPPDLRTTLEYLGRLLSLQVQVKEAADVAAFRQSLREHHARVALAAAHSLSPHDTLSDPALDLLGLMRAGGLILRFEGRWQTLGEVPPAPAVDALLAWLETQPGALVQTDALGQLWPAGADLAPSAAGLLAISVGEGWSECLVWLRPELRLEVAWGGATPDQAKDDLGPRHSFDTYLEEKRGYAEPWHPGEIEEAQDLRDTLTGALEHHHHHH,resi 0-476+495-523,resi 0-476+495-523
34,4phqA,2wcdX,AYAGAAAGVVAGPFGLIISY,4phqA,CDKTVEVVKNAIETADGALDLYNKYLDQVIPWQTFDETIKELSRFKQEYSQAASVLVGDIKTLLMDSQDKYFEATQTVYEWAGVATQLLAAYILLFDEYNEKKASAQKDILIKVLDDGITKLNEAQKSLLVSSQSFNNASGKLLALDSQLTNDFSEKSSYFQSQVDKIRKEAYAGAAAGVVAGPFGLIISYSIAAGVVEGKLIPELKNKLKSVQNFFTTLSNTVKQANKDIDAAKLKLTTEIAAIGEIKTETETTRFYCDYDDLMLSLLKEAAKKMINTANEYQKRHGKKTLFEVPEV,CDKTVEVVKNAIETADGALDLYNKYLDQVIPWQTFDETIKELSRFKQEYSQAASVLVGDIKTLLMDSQDKYFEATQTVYEWAGVATQLLAAYILLFDEYNEKKASAQKDILIKVLDDGITKLNEAQKSLLVSSQSFNNASGKLLALDSQLTNDFSEKSSYFQSQVDKIRKEAYAGAAAGVVAGPFGLIISYSIAAGVVEGKLIPELKNKLKSVQNFFTTLSNTVKQANKDIDAAKLKLTTEIAAIGEIKTETETTRFYCDYDDLMLSLLKEAAKKMINTANEYQKRHGKKTLFEVPEV,MHHHHHHTEIVADKTVEVVKNAIETADGALDLYNKYLDQVIPWQTFDETIKELSRFKQEYSQAASVLVGDIKTLLMDSQDKYFEATQTVYEWCGVATQLLAAYILLFDEYNEKKASAQKDILIKVLDDGITKLNEAQKSLLVSSQSFNNASGKLLALDSQLTNDFSEKSSYFQSQVDKIRKEAYAGAAAGVVAGPFGLIISYSIAAGVVEGKLIPELKNKLKSVQNFFTTLSNTVKQANKDIDAAKLKLTTEIAAIGEIKTETETTRFYVDYDDLMLSLLKEAAKKMINTCNEYQKRHGKKTLFEVPEV,resi 0-172+191-298,resi 0-183+202-309
35,4pyiA,4pyjA,YREVVDGLEKAIYKGPGSEA,4pyiA,MGDTKEQRILNHVLQHAEPGNAQSVLEAIDTYCEQKEWAMNVGDKKGKIVDAVIQEHQPSVLLELGAYCGYSAVRMARLLSPGARLITIEINPDCAAITQRMVDFAGVKDKVTLVVGASQDIIPQLKKKYDVDTLDMVFLDHWKDRYLPDTLLLEECGLLRKGTVLLADNVICPGAPDFLAHVRGSSCFECTHYQSFLEYREVVDGLEKAIYKGPGSEAGP,MGDTKEQRILNHVLQHAEPGNAQSVLEAIDTYCEQKEWAMNVGDKKGKIVDAVIQEHQPSVLLELGAYCGYSAVRMARLLSPGARLITIEINPDCAAITQRMVDFAGVKDKVTLVVGASQDIIPQLKKKYDVDTLDMVFLDHWKDRYLPDTLLLEECGLLRKGTVLLADNVICPGAPDFLAHVRGSSCFECTHYQSFLEYREVVDGLEKAIYKGPGSEAGP,MGDTKEQRILNHVLQHAEPGNAQSVLEAIDTYCEQKEWAMNVGDKKGKIVDAVIQEHQPSVLLELGAYCGYSAVRMARLLSPGARLITIEINPDCAAITQRMVDFAGVKDKVTLVVGASQDIIPQLKKKYDVDTLDMVFLDHWKDRYLPDTLLLEECGLLRKGTVLLADNVICPGAPDFLAHVRGSSCFECTHYQSFLEYREVVDGLEKAIYKGPGSEAGP,resi 0-200+219-221,resi 0-200+219-221
36,4qhfA,4qhhA,HLKYGKYHINEFEEELLFLFPNKEA,4qhfA,MKDRKILNEILSNTINELNLNDKKANIKIKIKPLKRKIASISLTNKTIYINKNILPYLSDEEIRFILAHELLHLKYGKYHINEFEEELLFLFPNKEAILINLINKLHQKK,MKDRKILNEILSNTINELNLNDKKANIKIKIKPLKRKIASISLTNKTIYINKNILPYLSDEEIRFILAHELLHLKYGKYHINEFEEELLFLFPNKEAILINLINKLHQKK,MKDRKILNEILSNTINELNLNDKKANIKIKIKPLKRKIASISLTNKTIYINKNILPYLSDEEIRFILAHELLHLKYGKYHINEFEEELLFLFPNKEAILINLINKLHQKK,resi 0-73+97-110,resi 0-73+97-110
37,4rwnA,4rwqB,VKGGSSGKGTTLRGRSDADL,4rwnA,MELRHTPARDLDKFIEDHLLPNTCFRTQVKEAIDIVCRFLKERCFQGTADPVRVSKVVKGGSSGKGTTLRGRSDADLVVFLTKLTSFEDQLRRRGEFIQEIRRQLEACQREQKFKVTFEVQSPRRENPRALSFVLSSPQLQQEVEFDVLPAFDALGQWTPGYKPNPEIYVQLIKECKSRGKEGEFSTCFTELQRDFLRNRPTKLKSLIRLVKHWYQTCKKTHGNKLPPQYALELLTVYAWEQGSRKTDFSTAQGFQTVLELVLKHQKLCIFWEAYYDFTNPVVGRCMLQQLKKPRPVILDPADPTGNVGGGDTHSWQRLAQEARVWLGYPCCKNLDGSLVGAWTMLQKIGSHHHHHH,MELRHTPARDLDKFIEDHLLPNTCFRTQVKEAIDIVCRFLKERCFQGTADPVRVSKVVKGGSSGKGTTLRGRSDADLVVFLTKLTSFEDQLRRRGEFIQEIRRQLEACQREQKFKVTFEVQSPRRENPRALSFVLSSPQLQQEVEFDVLPAFDALGQWTPGYKPNPEIYVQLIKECKSRGKEGEFSTCFTELQRDFLRNRPTKLKSLIRLVKHWYQTCKKTHGNKLPPQYALELLTVYAWEQGSRKTDFSTAQGFQTVLELVLKHQKLCIFWEAYYDFTNPVVGRCMLQQLKKPRPVILDPADPTGNVGGGDTHSWQRLAQEARVWLGYPCCKNLDGSLVGAWTMLQKIGSHHHHHH,MELRHTPARDLDKFIEDHLLPNTCFRTQVKEAIDIVCRFLKERCFQGTADPVRVSKVVKGGSSGKGTTLRGRSDADLVVFLTKLTSFEDQLRRRGEFIQEIRRQLEACQREQKFKVTFEVQSPRRENPRALSFVLSSPQLQQEVEFDVLPAFDALGQWTPGYKPNPEIYVQLIKECKSRGKEGEFSTCFTELQRDFLRNRPTKLKSLIRLVKHWYQTCKKTHGNKLPPQYALELLTVYAWEQGSRKTDFSTAQGFQTVLELVLKHQKLCIFWEAYYDFTNPVVGRCMLQQLKKPRPVILDPADPTGNVGGGDTHSWQRLAQEARVWLGYPCCKNLDGSLVGAWTMLQKIGSHHHHHH,resi 0-58+77-357,resi 0-58+77-357
38,4uv2D,4q79F,RGLWDLQNKAERQNDILVKYRHMSVPPES,4uv2D,SLTAPPKEAARPTLMPRAQSYKDLTHLPAPTGKIFVSVYNIQDETGQFKPYPASNFSTAVPQSATAMLVTALKDSRWFIPLERQGLQNLLNERKIIRAAQENGTVAINNRIPLQSLTAANIMVEGSIIGYESNVKSGGVGARYFGIGADTQYQLDQIAVNLRVVNVSTGEILSSVNTSKTILSYEVQAGVFRFIDYQRLLEGEVGYTSNEPVMLCLMSAIETGVIFLINDGIDRGLWDLQNKAERQNDILVKYRHMSVPPES,SLTAPPKEAARPTLMPRAQSYKDLTHLPAPTGKIFVSVYNIQDETGQFKPYPASNFSTAVPQSATAMLVTALKDSRWFIPLERQGLQNLLNERKIIRAAQENGTVAINNRIPLQSLTAANIMVEGSIIGYESNVKSGGVGARYFGIGADTQYQLDQIAVNLRVVNVSTGEILSSVNTSKTILSYEVQAGVFRFIDYQRLLEGEVGYTSNEPVMLCLMSAIETGVIFLINDGIDRGLWDLQNKAERQNDILVKYRHMSVPPES,MQRLFLLVAVMLLSGCLTAPPKEAARPTLMPRAQSYKDLTHLPAPTGKIFVSVYNIQDETGQFKPYPASNFSTAVPQSATAMLVTALKDSRWFIPLERQGLQNLLNERKIIRAAQENGTVAINNRIPLQSLTAANIMVEGSIIGYESNVKSGGVGARYFGIGADTQYQLDQIAVNLRVVNVSTGEILSSVNTSKTILSYEVQAGVFRFIDYQRLLEGEVGYTSNEPVMLCLMSAIETGVIFLINDGIDRGLWDLQNKAERQNDILVKYRHMSVPPES,resi 0-234+262-262,resi 0-249+277-277
39,4y0mJ,4xwsD,TAKASIDSELLNDKSLLLLGEGHCFRDQVLEACPTVRKGDENKHTTVESSSLETIRHMVASGLGVSVLP,4y0mJ,GAMAQLAAPLKVGAIYTIGPYLFPHLIPQLHRVAPQMPLYIEENFTHILRDKLRTGELDAIIIALPFQEADVLTKPLFDEPFYVLMPADHPWTAKASIDSELLNDKSLLLLGEGHCFRDQVLEACPTVRKGDENKHTTVESSSLETIRHMVASGLGVSVLPFSAVDSHHYAPGVIEVRPFSAPVPFRTVAIAWRASFPRPRAIEVLADSIRLCSVARPQTQEQPQIA,GAMAQLAAPLKVGAIYTIGPYLFPHLIPQLHRVAPQMPLYIEENFTHILRDKLRTGELDAIIIALPFQEADVLTKPLFDEPFYVLMPADHPWTAKASIDSELLNDKSLLLLGEGHCFRDQVLEACPTVRKGDENKHTTVESSSLETIRHMVASGLGVSVLPFSAVDSHHYAPGVIEVRPFSAPVPFRTVAIAWRASFPRPRAIEVLADSIRLCSVARPQTQEQPQIA,GAMAQLAAPLKVGAIYTIGPYLFPHLIPQLHRVAPQMPLYIEENFTHILRDKLRTGELDAIIIALPFQEADVLTKPLFDEPFYVLMPADHPWTAKASIDSELLNDKSLLLLGEGHDFRDQVLEACPTVRKGDENKHTTVESSSLETIRHMVASGLGVSVLPFSAVDSHHYAPGVIEVRPFSAPVPFRTVAIAWRASFPRPRAIEVLADSIRLCSVARPQTQEQPQIA,resi 0-93+161-227,resi 0-93+161-227
40,4zrbC,4zrbH,KDFHFDAISAFENYEIEKMR,4zrbC,SNAMKDFHFDAISAFENYEIEKMRDGHVVVTTKVVNSSLNYYGNAHGGYLFTLCDQISGLVVISLGLDGVTLQSSINYLKAGKLDDVLTIKGECVHQGRTTCVMDVDITNQEGRNVCKATFTMFVTGQRSEERRVRI,SNAMKDFHFDAISAFENYEIEKMRDGHVVVTTKVVNSSLNYYGNAHGGYLFTLCDQISGLVVISLGLDGVTLQSSINYLKAGKLDDVLTIKGECVHQGRTTCVMDVDITNQEGRNVCKATFTMFVTGQRSEERRVRI,SNAMKDFHFDAISAFENYEIEKMRDGHVVVTTKVVNSSLNYYGNAHGGYLFTLCDQISGLVVISLGLDGVTLQSSINYLKAGKLDDVLTIKGECVHQGRTTCVMDVDITNQEGRNVCKATFTMFVTGQRSEERRVRI,resi 0-3+26-137,resi 0-3+26-137
41,4zt0C,4cmqB,KILTFRIPYYVGPLARGNSRFAWXTRKSEETITPWNFEEVVDKGASAQSFIERXTNFDKNLPNEKVLPKHSLLYEYFTVYNELTKVKYVTEGXRKPAFLSGEQKKAIVDLLFKTNRKVTVKQLKEDYFKKIECFDSVEISGVEDRFNASLGTYHDLLKIIKDKDFLDN,4zt0C,SMDKKYSIGLDIGTNSVGWAVITDDYKVPSKKFKVLGNTDRHSIKKNLIGALLFDSGETAEATRLKRTARRRYTRRKNRICYLQEIFSNEMAKVDDSFFHRLEESFLVEEDKKHERHPIFGNIVDEVAYHEKYPTIYHLRKKLVDSTDKADLRLIYLALAHMIKFRGHFLIEGDLNPDNSDVDKLFIQLVQTYNQLFEENPINASGVDAKAILSARLSKSRRLENLIAQLPGEKKNGLFGNLIALSLGLTPNFKSNFDLAEDAKLQLSKDTYDDDLDNLLAQIGDQYADLFLAAKNLSDAILLSDILRVNTEITKAPLSASMIKRYDEHHQDLTLLKALVRQQLPEKYKEIFFDQSKNGYAGYIDGGASQEEFYKFIKPILEKMDGTEELLVKLNREDLLRKQRTFDNGSIPHQIHLGELHAILRRQEDFYPFLKDNREKIEKILTFRIPYYVGPLARGNSRFAWMTRKSEETITPWNFEEVVDKGASAQSFIERMTNFDKNLPNEKVLPKHSLLYEYFTVYNELTKVKYVTEGMRKPAFLSGEQKKAIVDLLFKTNRKVTVKQLKEDYFKKIECFDSVEISGVEDRFNASLGTYHDLLKIIKDKDFLDNEENEDILEDIVLTLTLFEDREMIEERLKTYAHLFDDKVMKQLKRRRYTGWGRLSRKLINGIRDKQSGKTILDFLKSDGFANRNFMQLIHDDSLTFKEDIQKAQVSGQGDSLHEHIANLAGSPAIKKGILQTVKVVDELVKVMGRHKPENIVIEMARENQTTQKGQKNSRERMKRIEEGIKELGSQILKEHPVENTQLQNEKLYLYYLQNGRDMYVDQELDINRLSDYDVDHIVPQSFLKDDSIDNKVLTRSDKNRGKSDNVPSEEVVKKMKNYWRQLLNAKLITQRKFDNLTKAERGGLSELDKAGFIKRQLVETRQITKHVAQILDSRMNTKYDENDKLIREVKVITLKSKLVSDFRKDFQFYKVREINNYHHAHDAYLNAVVGTALIKKYPKLESEFVYGDYKVYDVRKMIAKSEQEIGKATAKYFFYSNIMNFFKTEITLANGEIRKRPLIETNGETGEIVWDKGRDFATVRKVLSMPQVNIVKKTEVQTGGFSKESILPKRNSDKLIARKKDWDPKKYGGFDSPTVAYSVLVVAKVEKGKSKKLKSVKELLGITIMERSSFEKNPIDFLEAKGYKEVKKDLIIKLPKYSLFELENGRKRMLASAGELQKGNELALPSKYVNFLYLASHYEKLKGSPEDNEQKQLFVEQHKHYLDEIIEQISEFSKRVILADANLDKVLSAYNKHRDKPIREQAENIIHLFTLTNLGAPAAFKYFDTTIDRKRYTSTKEVLDATLIHQSITGLYETRIDLSQLGGD,SMDKKYSIGLDIGTNSVGWAVITDDYKVPSKKFKVLGNTDRHSIKKNLIGALLFDSGETAEATRLKRTARRRYTRRKNRICYLQEIFSNEMAKVDDSFFHRLEESFLVEEDKKHERHPIFGNIVDEVAYHEKYPTIYHLRKKLVDSTDKADLRLIYLALAHMIKFRGHFLIEGDLNPDNSDVDKLFIQLVQTYNQLFEENPINASGVDAKAILSARLSKSRRLENLIAQLPGEKKNGLFGNLIALSLGLTPNFKSNFDLAEDAKLQLSKDTYDDDLDNLLAQIGDQYADLFLAAKNLSDAILLSDILRVNTEITKAPLSASMIKRYDEHHQDLTLLKALVRQQLPEKYKEIFFDQSKNGYAGYIDGGASQEEFYKFIKPILEKMDGTEELLVKLNREDLLRKQRTFDNGSIPHQIHLGELHAILRRQEDFYPFLKDNREKIEKILTFRIPYYVGPLARGNSRFAWMTRKSEETITPWNFEEVVDKGASAQSFIERMTNFDKNLPNEKVLPKHSLLYEYFTVYNELTKVKYVTEGMRKPAFLSGEQKKAIVDLLFKTNRKVTVKQLKEDYFKKIECFDSVEISGVEDRFNASLGTYHDLLKIIKDKDFLDNEENEDILEDIVLTLTLFEDREMIEERLKTYAHLFDDKVMKQLKRRRYTGWGRLSRKLINGIRDKQSGKTILDFLKSDGFANRNFMQLIHDDSLTFKEDIQKAQVSGQGDSLHEHIANLAGSPAIKKGILQTVKVVDELVKVMGRHKPENIVIEMARENQTTQKGQKNSRERMKRIEEGIKELGSQILKEHPVENTQLQNEKLYLYYLQNGRDMYVDQELDINRLSDYDVDHIVPQSFLKDDSIDNKVLTRSDKNRGKSDNVPSEEVVKKMKNYWRQLLNAKLITQRKFDNLTKAERGGLSELDKAGFIKRQLVETRQITKHVAQILDSRMNTKYDENDKLIREVKVITLKSKLVSDFRKDFQFYKVREINNYHHAHDAYLNAVVGTALIKKYPKLESEFVYGDYKVYDVRKMIAKSEQEIGKATAKYFFYSNIMNFFKTEITLANGEIRKRPLIETNGETGEIVWDKGRDFATVRKVLSMPQVNIVKKTEVQTGGFSKESILPKRNSDKLIARKKDWDPKKYGGFDSPTVAYSVLVVAKVEKGKSKKLKSVKELLGITIMERSSFEKNPIDFLEAKGYKEVKKDLIIKLPKYSLFELENGRKRMLASAGELQKGNELALPSKYVNFLYLASHYEKLKGSPEDNEQKQLFVEQHKHYLDEIIEQISEFSKRVILADANLDKVLSAYNKHRDKPIREQAENIIHLFTLTNLGAPAAFKYFDTTIDRKRYTSTKEVLDATLIHQSITGLYETRIDLSQLGGD,GAASMDKKYSIGLDIGTNSVGWAVITDEYKVPSKKFKVLGNTDRHSIKKNLIGALLFDSGETAEATRLKRTARRRYTRRKNRICYLQEIFSNEMAKVDDSFFHRLEESFLVEEDKKHERHPIFGNIVDEVAYHEKYPTIYHLRKKLVDSTDKADLRLIYLALAHMIKFRGHFLIEGDLNPDNSDVDKLFIQLVQTYNQLFEENPINASGVDAKAILSARLSKSRRLENLIAQLPGEKKNGLFGNLIALSLGLTPNFKSNFDLAEDAKLQLSKDTYDDDLDNLLAQIGDQYADLFLAAKNLSDAILLSDILRVNTEITKAPLSASMIKRYDEHHQDLTLLKALVRQQLPEKYKEIFFDQSKNGYAGYIDGGASQEEFYKFIKPILEKMDGTEELLVKLNREDLLRKQRTFDNGSIPHQIHLGELHAILRRQEDFYPFLKDNREKIEKILTFRIPYYVGPLARGNSRFAWMTRKSEETITPWNFEEVVDKGASAQSFIERMTNFDKNLPNEKVLPKHSLLYEYFTVYNELTKVKYVTEGMRKPAFLSGEQKKAIVDLLFKTNRKVTVKQLKEDYFKKIECFDSVEISGVEDRFNASLGTYHDLLKIIKDKDFLDNEENEDILEDIVLTLTLFEDREMIEERLKTYAHLFDDKVMKQLKRRRYTGWGRLSRKLINGIRDKQSGKTILDFLKSDGFANRNFMQLIHDDSLTFKEDIQKAQVSGQGDSLHEHIANLAGSPAIKKGILQTVKVVDELVKVMGRHKPENIVIEMARENQTTQKGQKNSRERMKRIEEGIKELGSQILKEHPVENTQLQNEKLYLYYLQNGRDMYVDQELDINRLSDYDVDHIVPQSFLKDDSIDNKVLTRSDKNRGKSDNVPSEEVVKKMKNYWRQLLNAKLITQRKFDNLTKAERGGLSELDKAGFIKRQLVETRQITKHVAQILDSRMNTKYDENDKLIREVKVITLKSKLVSDFRKDFQFYKVREINNYHHAHDAYLNAVVGTALIKKYPKLESEFVYGDYKVYDVRKMIAKSEQEIGKATAKYFFYSNIMNFFKTEITLANGEIRKRPLIETNGETGEIVWDKGRDFATVRKVLSMPQVNIVKKTEVQTGGFSKESILPKRNSDKLIARKKDWDPKKYGGFDSPTVAYSVLVVAKVEKGKSKKLKSVKELLGITIMERSSFEKNPIDFLEAKGYKEVKKDLIIKLPKYSLFELENGRKRMLASAGELQKGNELALPSKYVNFLYLASHYEKLKGSPEDNEQKQLFVEQHKHYLDEIIEQISEFSKRVILADANLDKVLSAYNKHRDKPIREQAENIIHLFTLTNLGAPAAFKYFDTTIDRKRYTSTKEVLDATLIHQSITGLYETRIDLSQLGGD,resi 0-275+778-1369,resi 0-278+781-1372
42,5aoeB,5ly6B,HSMEQLKVKFGSAFEKTGNSLDIDFNSVHSGEKQIQIVNFKQIYYTVSVDAVKNPGDVFQDTVTVEDLKQRGISAERPLVYISSVAYGRQVYLKLETTSKSDEVEAAFEALIKGVKVAPQTEWKQILD,5aoeB,AHHHHHHSSGLVPRGSHMANKAVNDFILAMNYDKKKLLTHQGESIENRFIKEGNQLPDEFVVIERKKRSLSTNTSDISVTATNDSRLYPGALLVVDETLLENNPTLLAVDRAPMTYSIDLPGLASSDSFLQVEDPSNSSVRGAVNDLLAKWHQDYGQVNNVPARMQYEKITAHSMEQLKVKFGSAFEKTGNSLDIDFNSVHSGEKQIQIVNFKQIYYTVSVDAVKNPGDVFQDTVTVEDLKQRGISAERPLVYISSVAYGRQVYLKLETTSKSDEVEAAFEALIKGVKVAPQTEWKQILDNTEVKAVILGGDPSSGARVVTGKVDMVEDLIQEGSRFTADHPGLPISYTTSFLRDNVVATFQNSTDYVETKVTAYRNGDLLLDHSGAYVAQYYITWDELSYDHQGKEVLTPKAWDRNGQDLTAHFTTSIPLKGNVRNLSVKIRECTGLAWEWWRTVYEKTDLPLVRKRTISIWGTTLYPQVEDKVEND,MANKAVNDFILAMNYDKKKLLTHQGESIENRFIKEGNQLPDEFVVIERKKRSLSTNTSDISVTATNDSRLYPGALLVVDETLLENNPTLLAVDRAPMTYSIDLPGLASSDSFLQVEDPSNSSVRGAVNDLLAKWHQDYGQVNNVPARMQYEKITAHSMEQLKVKFGSDFEKAANSLDIDFNAVHSGEKQIQIVNFKQIYYTVSVDAVKNPGDVFQDTVTVEDLKQRGISAERPLVYISSVAYGRQVYLKLETTSKSDEVQAAFEAAILGVKVAPQTQWKQILDNTEVKAVILGGDPSSGARVVTGKVDMVEDLIQEGSRFTADHPGLPISYTTSFLRDNVVATFQNSTDYVETKVTAYRNGDLLLDHSGAYVAQYYITWDELSYDHQGKEVLTPKAWDRNGQDLTAHFTTSIPLKGNVRNLSVKIRECTGLAWEWWRTVYEKTDLPLVRKRTISIWGTTLYPQVEDKVEND,MANKAVNDFILAMNYDKKKLLTHQGESIENRFIKEGNQLPDEFVVIERKKRSLSTNTSDISVTATNDSRLYPGALLVVDETLLENNPTLLAVDRAPMTYSIDLPGLASSDSFLQVEDPSNSSVRGAVNDLLAKWHQDYGQVNNVPARMQYEKITAHSMEQLKVKFGSDFEKAANSLDIDFNAVHSGEKQIQIVNFKQIYYTVSVDAVKNPGDVFQDTVTVEDLKQRGISAERPLVYISSVAYGRQVYLKLETTSKSDEVQAAFEAAILGVKVAPQTQWKQILDNTEVKAVILGGDPSSGARVVTGKVDMVEDLIQEGSRFTADHPGLPISYTTSFLRDNVVATFQNSTDYVETKVTAYRNGDLLLDHSGAYVAQYYITWDELSYDHQGKEVLTPKAWDRNGQDLTAHFTTSIPLKGNVRNLSVKIRECTGLAWEWWRTVYEKTDLPLVRKRTISIWGTTLYPQVEDKVEND,resi 0-156+283-471,resi 0-156+283-471
43,5c1vA,5c1vB,IFSAPNYLDVYNNKAAVLKYENNVMNIRQFN,5c1vA,SEPKAIDPKLSTTDRVVKAVPFPPSHRLTAKEVFDNDGKPRVDILKAHLMKEGRLEESVALRIITEGASILRQEKNLLDIDAPVTVCGDIHGQFFDLMKLFEVGGSPANTRYLFLGDYVDRGYFSIECVLYLWALKILYPKTLFLLRGNHECRHLTEYFTFKQECKIKYSERVYDACMDAFDCLPLAALMNQQFLCVHGGLSPEINTLDDIRKLDRFKEPPAYGPMCDILWSDPLEDFGNEKTQEHFTHNTVRGCSYFYSYPAVCEFLQHNNLLSILRAHEAQDAGYRMYRKSQTTGFPSLITIFSAPNYLDVYNNKAAVLKYENNVMNIRQFNCSPHPSWAPNFD,SEPKAIDPKLSTTDRVVKAVPFPPSHRLTAKEVFDNDGKPRVDILKAHLMKEGRLEESVALRIITEGASILRQEKNLLDIDAPVTVCGDIHGQFFDLMKLFEVGGSPANTRYLFLGDYVDRGYFSIECVLYLWALKILYPKTLFLLRGNHECRHLTEYFTFKQECKIKYSERVYDACMDAFDCLPLAALMNQQFLCVHGGLSPEINTLDDIRKLDRFKEPPAYGPMCDILWSDPLEDFGNEKTQEHFTHNTVRGCSYFYSYPAVCEFLQHNNLLSILRAHEAQDAGYRMYRKSQTTGFPSLITIFSAPNYLDVYNNKAAVLKYENNVMNIRQFNCSPHPSWAPNFD,SEPKAIDPKLSTTDRVVKAVPFPPSHRLTAKEVFDNDGKPRVDILKAHLMKEGRLEESVALRIITEGASILRQEKNLLDIDAPVTVCGDIHGQFFDLMKLFEVGGSPANTRYLFLGDYVDRGYFSIECVLYLWALKILYPKTLFLLRGNHECRHLTEYFTFKQECKIKYSERVYDACMDAFDCLPLAALMNQQFLCVHGGLSPEINTLDDIRKLDRFKEPPAYGPMCDILWSDPLEDFGNEKTQEHFTHNTVRGCSYFYSYPAVCEFLQHNNLLSILRAHEAQDAGYRMYRKSQTTGFPSLITIFSAPNYLDVYNNKAAVLKYENNVMNIRQFNCSPHPSWAPNFD,resi 0-304+334-346,resi 0-304+334-346
44,5ejbC,1wp8C,ADNINKLKSSIESTNEAVVKLQETAEKTVYVLTALQDY,5ejbC,GILHYEKLSKIGLVKGITRKYKIKSNPLTKDIVIKMKPNVSNVSKCTGTVMENYKSRLTGILSPIKGAIELYNNNTHDLVGDVKLAGVVMAGIAIGIATAAQITAGVALYEAMKNADNINKLKSSIESTNEAVVKLQETAEKTVYVLTALQDYINTNLVPSIDQISCKQTELALDLALSKYLSDLLFVFGPNLQDPVSNSMTIQAISQAFGGNYETLLRTLGYATEDFDDLLESDSITGQIVYVDLSSYYIIVRVYFPILTEIQQAYVQELLPVSFNNDNSEWISIVPNFVLIRNTLISNIEVKYCLITKKSVICNQDYATPMTASVRECLTGSTDKCPRELVVSSHVPRFALSGGVLFANCISVTCQCQTTGRAISQSGEQTLLMIDNTTCTTVVLGNIIISLGKYLGSINYNSESIAVGPPVYTDKVDISSQISSMNQSLQQSKDYIKEAQKILDNVEDKIEEILSKIYHIENEIARIKKLIGEAPGGIEGRHHHHHHH,AMKNADNINKLKSSIESTNEAVVKLQETAEKTVYVLTALQDYGGSGGSGGKVDISSQISSMNQSLQQSKDYIKEAQKILDTVNHHHHHH,AMKNADNINKLKSSIESTNEAVVKLQETAEKTVYVLTALQDYGGSGGSGGKVDISSQISSMNQSLQQSKDYIKEAQKILDTVNHHHHHH,resi 0-5+42-89,resi 0-5+42-89
45,5fluE,2uy7D,APTIPQGQGKVTFNGTVVDAPCSISQKSAD,5fluE,APTIPQGQGKVTFNGTVVDAPCSISQKSADQSIDFGQLSKSFLEAGGVSKPMDLDIELVNCDITAFKGGNGAKKGTVKLAFTGPIVNGHSDELDTNGGTGTAIVVQGAGKNVVFDGSEGDANTLKDGENVLHYTAVVKKSSAVGAAVTEGAFSAVANFNLTYQ,APTIPQGQGKVTFNNTVVDAPCSISQKSADQSIDFGQLSKSFLEAGGVSKPMDLDIELVNCDITAFKGGNGAKKGTVKLAFTGPIVNGHSDELDTNGGTGTAIVVQGAGKNVVFDGSEGDANTLKDGENVLHYTAVVKKSSAVGAAVTEGAFSAVANFNLTYQ,APTIPQGQGKVTFNNTVVDAPCSISQKSADQSIDFGQLSKSFLEAGGVSKPMDLDIELVNCDITAFKGGNGAKKGTVKLAFTGPIVNGHSDELDTNGGTGTAIVVQGAGKNVVFDGSEGDANTLKDGENVLHYTAVVKKSSAVGAAVTEGAFSAVANFNLTYQ,resi 0-1+32-163,resi 0-1+32-163
46,5hmgA,3ztjE,QDLPGNDNSTATLCLGHHAVPNGTLVKTITDDQIEVTNATELVQSSSTGKICNNPHRILDGIDCTLIDALLGDPHCDVFQNETWDLFVERSKAFSN,5hmgA,QDLPGNDNSTATLCLGHHAVPNGTLVKTITDDQIEVTNATELVQSSSTGKICNNPHRILDGIDCTLIDALLGDPHCDVFQNETWDLFVERSKAFSNCYPYDVPDYASLRSLVASSGTLEFITEGFTWTGVTQNGGSNACKRGPGSGFFSRLNWLTKSGSTYPVLNVTMPNNDNFDKLYIWGIHHPSTNQEQTSLYVQASGRVTVSTRRSQQTIIPNIGSRPWVRGLSSRISIYWTIVKPGDVLVINSNGNLIAPRGYFKMRTGKSSIMRSDAPIDTCISECITPNGSIPNDKPFQNVNKITYGACPKYVKQNTLKLATGMRNVPEKQT,QDLPGNDNSTATLCLGHHAVPNGTLVKTITDDQIEVTNATELVQSSSTGKICNNPHRILDGIDCTLIDALLGDPHCDVFQNETWDLFVERSKAFSNCYPYDVPDYASLRSLVASSGTLEFITEGFTWTGVTQNGGSNACKRGPGSGFFSRLNWLTKSGSTYPVLNVTMPNNDNFDKLYIWGIHHPSTNQEQTSLYVQASGRVTVSTRRSQQTIIPNIGSRPWVRGLSSRISIYWTIVKPGDVLVINSNGNLIAPRGYFKMRTGKSSIMRSDAPIDTCISECITPNGSIPNDKPFQNVNKITYGACPKYVKQNTLKLATGMRNVPEKQTR,QDLPGNDNSTATLCLGHHAVPNGTLVKTITDDQIEVTNATELVQSSSTGKICNNPHRILDGIDCTLIDALLGDPHCDVFQNETWDLFVERSKAFSNCYPYDVPDYASLRSLVASSGTLEFITEGFTWTGVTQNGGSNACKRGPGSGFFSRLNWLTKSGSTYPVLNVTMPNNDNFDKLYIWGIHHPSTNQEQTSLYVQASGRVTVSTRRSQQTIIPNIGSRPWVRGLSSRISIYWTIVKPGDVLVINSNGNLIAPRGYFKMRTGKSSIMRSDAPIDTCISECITPNGSIPNDKPFQNVNKITYGACPKYVKQNTLKLATGMRNVPEKQTR,resi 0-1+96-329,resi 0-1+96-329
47,5i2mA,5i2sA,PLYMIGHGMLDSDLHLSSKAQVFEHPHIQDAASQLPDDES,5i2mA,KFTIVFPHNQKGNWKNVPSNYHYCPSSSDLNWHNDLIGTALQVKMPKSHKAIQADGWMCHASKWVTTCDFRWYGPKYITHSIRSFTPSVEQCKESIEQTKQGTWLNPGFPPQSCGYATVTDAEAVIVQVTPHHVLVDEYTGEWVDSQFINGKCSNYICPTVHNSTTWHSDYKVKGLCDSNLISMDITFFSEDGELSSLGKEGTGFRSNYFAYETGGKACKMQYCKHWGVRLPSGVWFEMADKDLFAAARFPECPEGSSISAPSQTSVDVSLIQDVERILDYSLCQETWSKIRAGLPISPVDLSYLAPKNPGTGPAFTIINGTLKYFETRYIRVDIAAPILSRMVGMISGTTTERELWDDWAPYEDVEIGPNGVLRTSSGYKFPLYMIGHGMLDSDLHLSSKAQVFEHPHIQDAASQLPDDES,MEKLPPGWEKRMSRSSGRVYYFNHITNASQWERPSGKIEEGKLVIWINGDKGYNGLAEVGKKFEKDTGIKVTVEHPDKLEEKFPQVAATGDGPDIIFWAHDRFGGYAQSGLLAEITPDKAFQDKLYPFTWDAVRYNGKLIAYPIAVEALSLIYNKDLLPNPPKTWEEIPALDKELKAKGKSALMFNLQEPYFTWPLIAADGGYAFKYENGKYDIKDVGVDNAGAKAGLTFLVDLIKNKHMNADTDYSIAEAAFNKGETAMTINGPWAWSNIDTSKVNYGVTVLPTFKGQPSKPFVGVLSAGINAASPNKELAKEFLENYLLTDEGLEAVNKDKPLGAVALKSYEEELAKDPRIAATMENAQKGEIMPNIPQMSAFWYAVRTAVINAASGRQTVDEALKDAQTN,MEKLPPGWEKRMSRSSGRVYYFNHITNASQWERPSGKIEEGKLVIWINGDKGYNGLAEVGKKFEKDTGIKVTVEHPDKLEEKFPQVAATGDGPDIIFWAHDRFGGYAQSGLLAEITPDKAFQDKLYPFTWDAVRYNGKLIAYPIAVEALSLIYNKDLLPNPPKTWEEIPALDKELKAKGKSALMFNLQEPYFTWPLIAADGGYAFKYENGKYDIKDVGVDNAGAKAGLTFLVDLIKNKHMNADTDYSIAEAAFNKGETAMTINGPWAWSNIDTSKVNYGVTVLPTFKGQPSKPFVGVLSAGINAASPNKELAKEFLENYLLTDEGLEAVNKDKPLGAVALKSYEEELAKDPRIAATMENAQKGEIMPNIPQMSAFWYAVRTAVINAASGRQTVDEALKDAQTN,resi 0-274+313-403,resi 0-274+313-403
48,5ineA,3mkoA,HLRDLMGVPYCNYSKFWYLEHAKTGETSVPKCWLVTNGSYLNETHFSD,5ineA,MGQIVTMFEALPHIIDEVINIVIIVLIIITSIKAVYNFATCGILALVSFLFLAGRSCGMYGLNGPDIYKGVYQFKSVEFDMSHLNLTMPNACSANNSHHYISMGSSGLELTFTNDSILNHNFCNLTSAFNKKTFDHTLMSIVSSLHLSIRGNSNHKAVSCDFNNGITIQYNLSFSDPQSAISQCRTFRGRVLDMFRTAFGGKYMRSGWGWAGSDGKTTWCSQTSYQYLIIQNRTWENHCRYAGPFGMSRILFAQEKTKFLTRRLAGTFTWTLSDSSGVENPGGYCLTKWMILAAELKCFGNTAVAKCNVNHDEEFCDMLRLIDYNKAALSKFKQDVESALHVFKTTVNSLISDQLLMRNHLRDLMGVPYCNYSKFWYLEHAKTGETSVPKCWLVTNGSYLNETHFSDQIEQEADNMITEMLRKDYIKRQGSTPLALMD,HHHHHHIEGRDEEFSDMLRLIDYNKAALSKFKQDVESALHVFKTTVNSLISDQLLMRNHLRDLMGVPYCNYSKFWYLEHAKTGETSVPKCWLVTNGSYLNETHFSDQIEQEADNMITEMLRKDYIKRQGSTPLALMD,HHHHHHIEGRDEEFSDMLRLIDYNKAALSKFKQDVESALHVFKTTVNSLISDQLLMRNHLRDLMGVPYCNYSKFWYLEHAKTGETSVPKCWLVTNGSYLNETHFSDQIEQEADNMITEMLRKDYIKRQGSTPLALMD,resi 0-59+106-137,resi 0-59+106-137
49,5jzhA,5jztG,YDVTLRGDTATNWSKTNTYGLSEKVTTKNKFKWPLVGETELSIEIAANQSWASQNGGSTTTSLS,5jzhA,AEPVYPDQLRLFSLGQGVCGDKYRPVNREEAQSVKSNIVGMMGQWQISGLANGWVIMGPGYNGEIKPGTASNTWCYPTNPVTGEIPTLSALDIPDGDEVDVQWRLVHDSANFIKPTSYLAHYLGYAWVGGNHSQYVGEDMDVTRDGDGWVIRGNNDGGCDGYRCGDKTAIKVSNFAYNLDPDSFKHGDVTQSDRQLVKTVVGWAVNDSDTPQSGYDVTLRGDTATNWSKTNTYGLSEKVTTKNKFKWPLVGETELSIEIAANQSWASQNGGSTTTSLSQSVRPTVPARSKIPVKIELYKADISYPYEFKADVSYDLTLSGFLRWGGNAWYTHPDNRPNWNHTFVIGPYKDKASSIRYQWDKRYIPGEVKWWDWNWTIQQNGLSTMQNNLARVLRPVRAGITGDFSAESQFAGNIEIGAPVPLAA,MEKLPPGWEKRMSRSSGRVYYFNHITNASQWERPSGKIEEGKLVIWINGDKGYNGLAEVGKKFEKDTGIKVTVEHPDKLEEKFPQVAATGDGPDIIFWAHDRFGGYAQSGLLAEITPDKAFQDKLYPFTWDAVRYNGKLIAYPIAVEALSLIYNKDLLPNPPKTWEEIPALDKELKAKGKSALMFNLQEPYFTWPLIAADGGYAFKYENGKYDIKDVGVDNAGAKAGLTFLVDLIKNKHMNADTDYSIAEAAFNKGETAMTINGPWAWSNIDTSKVNYGVTVLPTFKGQPSKPFVGVLSAGINAASPNKELAKEFLENYLLTDEGLEAVNKDKPLGAVALKSYEEELAKDPRIAATMENAQKGEIMPNIPQMSAFWYAVRTAVINAASGRQTVDEALKDAQTN,MEKLPPGWEKRMSRSSGRVYYFNHITNASQWERPSGKIEEGKLVIWINGDKGYNGLAEVGKKFEKDTGIKVTVEHPDKLEEKFPQVAATGDGPDIIFWAHDRFGGYAQSGLLAEITPDKAFQDKLYPFTWDAVRYNGKLIAYPIAVEALSLIYNKDLLPNPPKTWEEIPALDKELKAKGKSALMFNLQEPYFTWPLIAADGGYAFKYENGKYDIKDVGVDNAGAKAGLTFLVDLIKNKHMNADTDYSIAEAAFNKGETAMTINGPWAWSNIDTSKVNYGVTVLPTFKGQPSKPFVGVLSAGINAASPNKELAKEFLENYLLTDEGLEAVNKDKPLGAVALKSYEEELAKDPRIAATMENAQKGEIMPNIPQMSAFWYAVRTAVINAASGRQTVDEALKDAQTN,resi 0-313+393-403,resi 0-313+393-403
50,5keqF,1dzlA,PGGTLEDTYRFVTSQAIACQKHTPPAPKEDPLKK,5keqF,LWLPSEATVYLPPVPVSKVVSTDEYVARTNIYYHAGTSRLLAVGHPYFPIKKPNNNKILVPKVSGLQYRVFRIHLPDPNKFGFPDTSFYNPDTQRLVWACVGVEVGRGQPLGVGISGHPLLNKLDDTENASAYAANAGVDNRECISMDYKQTQLCLIGCKPPIGEHWGKGSPCTNVAVNPGDCPPLELINTVIQDGDMVDTGFGAMDFTTLQANKSEVPLDICTSICKYPDYIKMVSEPYGDSLFFYLRREQMFVRHLFNRAGAVGENVPDDLYIKGSGSTANLASSNYFPTPSGSMVTSDAQIFNKPYWLQRAQGHNNGICWGNQLFVTVVDTTRSTNMSLCAAISTSETTYKNTNFKEYLRHGEEYDLQFIFQLCKITLTADVMTYIHSMNSTILEDWNFGLQPPPGGTLEDTYRFVTSQAIACQKHTPPAPKEDPLKKYTFWEVNLKEKFSADLDQFPLGRKFLLQAGLKAKPKFTLGKR,LWLPSEATVYLPPVPVSKVVSTDEYVARTNIYYHAGTSRLLAVGHPYFPIKKPNNNKILVPKVSGLQYRVFRIHLPDPNKFGFPDTSFYNPDTQRLVWACVGVEVGRGQPLGVGISGHPLLNKLDDTENASAYAANAGVDNRECISMDYKQTQLCLIGCKPPIGEHWGKGSPCTNVAVNPGDCPPLELINTVIQDGDMVDTGFGAMDFTTLQANKSEVPLDICTSICKYPDYIKMVSEPYGDSLFFYLRREQMFVRHLFNRAGAVGENVPDDLYIKGSGSTANLASSNYFPTPSGSMVTSDAQIFNKPYWLQRAQGHNNGICWGNQLFVTVVDTTRSTNMSLCAAISTSETTYKNTNFKEYLRHGEEYDLQFIFQLCKITLTADVMTYIHSMNSTILEDWNFGLQPPPGGTLEDTYRFVTSQAIACQKHTPPAPKEDPLKKYTFWEVNLKEKFSADLDQFPLGRKFLLQAGLKAKPKFTLGKR,MSLWLPSEATVYLPPVPVSKVVSTDEYVARTNIYYHAGTSRLLAVGHPYFPIKKPNNNKILVPKVSGLQYRVFRIHLPDPNKFGFPDTSFYNPDTQRLVWACVGVEVGRGQPLGVGISGHPLLNKLDDTENASAYAANAGVDNRECISMDYKQTQLCLIGCKPPIGEHWGKGSPCTQVAVQPGDCPPLELINTVIQDGDMVDTGFGAMDFTTLQANKSEVPLDICTSICKYPDYIKMVSEPYGDSLFFYLRREQMFVRHLFNRAGTVGENVPDDLYIKGSGSTANLASSNYFPTPSGSMVTSDAQIFNKPYWLQRAQGHNNGICWGNQLFVTVVDTTRSTNMSLCAAISTSETTYKNTNFKEYLRHGEEYDLQFIFQLCKITLTADVMTYIHSMNSTILEDWNFGLQPPPGGTLEDTYRFVTSQAIACQKHTPPAPKEDPLKKYTFWEVNLKEKFSADLDQFPLGRKFLLQLGLKAKPKFTLGKRKATPTTSSTSTTAKRKKRKL,resi 0-408+441-483,resi 0-410+443-505
51,5l35D,5l35G,DAQTGLHASDQLVRTAWENAQIPTNFGG,5l35D,PNNLDSNVSQIVLKKFLPGFMSDLVLAKTVDRQLLAGEINSSTGDSVSFKRPHQFSSLRTPTGDISGQNKNNLISGKATGRVGNYITVAVEYQQLEEAIKLNQLEEILAPVRQRIVTDLETELAHFMMNNGALSLGSPNTPITKWSDVAQTASFLKDLGVNEGENYAVMDPWSAQRLADAQTGLHASDQLVRTAWENAQIPTNFGGIRALMSNGLASRTQGAFGGTLTVKTQPTVTYNAVKDSYQFTVTLTGATASVTGFLKAGDQVKFTNTYWLQQQTKQALYNGATPISFTATVTADANSDSGGDVTVTLSGVPIYDTTNPQYNSVSRQVEAGDAVSVVGTASQTMKPNLFYNKFFCGLGSIPLPKLHSIDSAVATYEGFSIRVHKYADGDANVQKMRFDLLPAYVCFNPHMGGQFFGNP,PNNLDSNVSQIVLKKFLPGFMSDLVLAKTVDRQLLAGEINSSTGDSVSFKRPHQFSSLRTPTGDISGQNKNNLISGKATGRVGNYITVAVEYQQLEEAIKLNQLEEILAPVRQRIVTDLETELAHFMMNNGALSLGSPNTPITKWSDVAQTASFLKDLGVNEGENYAVMDPWSAQRLADAQTGLHASDQLVRTAWENAQIPTNFGGIRALMSNGLASRTQGAFGGTLTVKTQPTVTYNAVKDSYQFTVTLTGATASVTGFLKAGDQVKFTNTYWLQQQTKQALYNGATPISFTATVTADANSDSGGDVTVTLSGVPIYDTTNPQYNSVSRQVEAGDAVSVVGTASQTMKPNLFYNKFFCGLGSIPLPKLHSIDSAVATYEGFSIRVHKYADGDANVQKMRFDLLPAYVCFNPHMGGQFFGNP,PNNLDSNVSQIVLKKFLPGFMSDLVLAKTVDRQLLAGEINSSTGDSVSFKRPHQFSSLRTPTGDISGQNKNNLISGKATGRVGNYITVAVEYQQLEEAIKLNQLEEILAPVRQRIVTDLETELAHFMMNNGALSLGSPNTPITKWSDVAQTASFLKDLGVNEGENYAVMDPWSAQRLADAQTGLHASDQLVRTAWENAQIPTNFGGIRALMSNGLASRTQGAFGGTLTVKTQPTVTYNAVKDSYQFTVTLTGATASVTGFLKAGDQVKFTNTYWLQQQTKQALYNGATPISFTATVTADANSDSGGDVTVTLSGVPIYDTTNPQYNSVSRQVEAGDAVSVVGTASQTMKPNLFYNKFFCGLGSIPLPKLHSIDSAVATYEGFSIRVHKYADGDANVQKMRFDLLPAYVCFNPHMGGQFFGNP,resi 0-179+206-422,resi 0-179+206-422
52,2kxoA,3r9jC,VARDRLQIIIAQERAQEGQT,2kxoA,MSLIELLFGRKQKTATVARDRLQIIIAQERAQEGQTPDYLPTLRKALMEVLSKYVNVSLDNIRISQEKQDGMDVLELNITLPEQKKVLEHHHHHH,MSLIELLFGRKQKTATVARDRLQIIIAQERAQEGQTPDYLPTLRKALMEVLSKYVNVSLDNIRISQEKQDGMDVLELNITLPEQKKVLEHHHHHH,KNTANIAKERLQNIVAERRRSDAEPHYLPQLRKDILEVICKYVQIDPEMVTVQLEQKDGDISILELNVTLPEAEELK,resi 0-16+37-95,resi 0-5+26-77
53,6z4uA,7kdtB,KTLNSLEDKAFQLTPIAVQMTK,6z4uA,MDPKISEMHPALRLVDPQIQLAVTRMENAVGRDQNNVGPKVYPIILRLGSPLSLNMARKTLNSLEDKAFQLTPIAVQMTKLATTEELPDEFVVVTVK,LWLPSEATVYLPPVPVSKVVSTDEYVARTNIYYHAGTSRLLAVGHPYFPIKKPNNNKILVPKVSGLQYRVFRIHLPDPNKFGFPDTSFYNPDTQRLVWACVGVEVGRGQPLGVGISGHPLLNKLDDTENASAYAANAGVDNRECISMDYKQTQLCLIGCKPPIGEHWGKGSPCTNVAVNPGDCPPLELINTVIQDGDMVDTGFGAMDFTTLQANKSEVPLDICTSICKYPDYIKMVSEPYGDSLFFYLRREQMFVRHLFNRAGAVGENVPDDLYIKGSGSTANLASSNYFPTPSGSMVTSDAQIFNKPYWLQRAQGHNNGICWGNQLFVTVVDTTRSTNMSLCAAISTSETTYKNTNFKEYLRHGEEYDLQFIFQLCKITLTADVMTYIHSMNSTILEDWNFGLQPPPGGTLEDTYRFVTSQAIACQKHTPPAPKEDPLKKYTFWEVNLKEKFSADLDQFPLGRKFLLQAGLKAKPKFTLGKR,LWLPSEATVYLPPVPVSKVVSTDEYVARTNIYYHAGTSRLLAVGHPYFPIKKPNNNKILVPKVSGLQYRVFRIHLPDPNKFGFPDTSFYNPDTQRLVWACVGVEVGRGQPLGVGISGHPLLNKLDDTENASAYAANAGVDNRECISMDYKQTQLCLIGCKPPIGEHWGKGSPCTNVAVNPGDCPPLELINTVIQDGDMVDTGFGAMDFTTLQANKSEVPLDICTSICKYPDYIKMVSEPYGDSLFFYLRREQMFVRHLFNRAGAVGENVPDDLYIKGSGSTANLASSNYFPTPSGSMVTSDAQIFNKPYWLQRAQGHNNGICWGNQLFVTVVDTTRSTNMSLCAAISTSETTYKNTNFKEYLRHGEEYDLQFIFQLCKITLTADVMTYIHSMNSTILEDWNFGLQPPPGGTLEDTYRFVTSQAIACQKHTPPAPKEDPLKKYTFWEVNLKEKFSADLDQFPLGRKFLLQAGLKAKPKFTLGKR,resi 0-400+438-483,resi 0-400+438-483
54,2k42A,1ceeB,IGAPSGFKHVSHVGWDPQNGFDVN,1ceeB,KKKISKADIGAPSGFKHVSHVGWDPQNGFDVNNLDPDLRSLFSRAGISEAQLTDAETSK,GHMSGFKHVSHVGWDPQNGFDVNNLDPDLRSLFSRAGISEAQLTDAETSKLIYDFIEDQGGLEAVRQEMRRQ,KKKISKADIGAPSGFKHVSHVGWDPQNGFDVNNLDPDLRSLFSRAGISEAQLTDAETSK,resi 0-1+27-72,resi 0-5+36-59
55,5tpnA,1g2cF,FYDPLVFPSDEFDASISQVNEKINQSLAFIRKSDELLHNVNAG,1g2cF,FYDPLVFPSDEFDASISQVNEKINQSLAFIRKSDELLHNVNAG,NITEEFYQSTCSAVSKGYLSALRTGWYTSVITIELSNIKKIKCNGTDAKIKLIKQELDKYKNAVTELQLLMQSTPATNNQARGSGSGRSLGFLLGVGSAIASGVAVSKVLHLEGEVNKIKSALLSTNKAVVSLSNGVSVLTSKVLDLKNYIDKQLLPIVNKQSCSIPNIETVIEFQQKNNRLLEITREFSVNAGVTTPVSTYMLTNSELLSLINDMPITNDQKKLMSNNVQIVRQQSYSIMSIIKEEVLAYVVQLPLYGVIDTPCWKLHTSPLCTTNTKEGSNICLTRTDRGWYCDNAGSVSFFPQAETCKVQSNRVFCDTMNSLTLPSEVNLCNVDIFNPKYDCKIMTSKTDVSSSVITSLGAIVSCYGKTKCTASNKNRGIIKTFSNGCDYVSNKGVDTVSVGNTLYYVNKQEGKSLYVKGEPIINFYDPLVFPSDQFDASISQVNEKINQSLAFIRKSDELLSAIGGYIPEAPRDGQAYVRKDGEWVLLSTFLGGLVPRGSHHHHHH,FYDPLVFPSDEFDASISQVNEKINQSLAFIRKSDELLHNVNAG,resi 0-429+471-510,resi 0-1+43-43
56,2h44A,1rkpA,DHRGVNNSYIQRSEHPLAQLYC,1rkpA,EETRELQSLAAAVVPSAQTLKITDFSFSDFELSDLETALCTIRMFTDLNLVQNFQMKHEVLCRWILSVKKNYRKNVAYHNWRHAFNTAQCMFAALKAGKIQNKLTDLEILALLIAALSHDLDHRGVNNSYIQRSEHPLAQLYCHSIMEHHHFDQCLMILNSPGNQILSGLSIEEYKTTLKIIKQAILATDLALYIKRRGEFFELIRKNQFNLEDPHQKELFLAMLMTACDLSAITKPWPIQQRLAELVATEFFDQGDRERKELNIEPTDLMNREKKNKIPSMQVGFIDAICLQLYEALTHVSEDCFPLLDGCRKNRQKWQALAEQQ,EETRELQSLAAAVVPSAQTLKITDFSFSDFELSDLETALCTIRMFTDLNLVQNFQMKHEVLCRWILSVKKNYRKNVAYHNWRHAFNTAQCMFAALKAGKIQNKLTDLEILALLIAALSHDLDHRGVNNSYIQRSEHPLAQLYCHSIMEHHHFDQCLMILNSPGNQILSGLSIEEYKTTLKIIKQAILATDLALYIKRRGEFFELIRKNQFNLEDPHQKELFLAMLMTACDLSAITKPWPIQQRIAELVATEFFDQGDRERKELNIEPTDLMNREKKNKIPSMQVGFIDAICLQLYEALTHVSEDCFPLLDGCRKNRQKWQALAEQQ,EETRELQSLAAAVVPSAQTLKITDFSFSDFELSDLETALCTIRMFTDLNLVQNFQMKHEVLCRWILSVKKNYRKNVAYHNWRHAFNTAQCMFAALKAGKIQNKLTDLEILALLIAALSHDLDHRGVNNSYIQRSEHPLAQLYCHSIMEHHHFDQCLMILNSPGNQILSGLSIEEYKTTLKIIKQAILATDLALYIKRRGEFFELIRKNQFNLEDPHQKELFLAMLMTACDLSAITKPWPIQQRLAELVATEFFDQGDRERKELNIEPTDLMNREKKNKIPSMQVGFIDAICLQLYEALTHVSEDCFPLLDGCRKNRQKWQALAEQQ,resi 0-121+144-326,resi 0-121+144-326
57,2grmB,2axzA,KEVTMYYENYVAIENNPIPEIK,2axzA,MFKIGSVLKQIRQELNYHQIDLYSGIMSKSVYIKVEADSRPISVEELSKFSERLGVNFFEILNRAGMNTKSVNETGKEKLLISKIFTNPDLFDKNFQRIEPKRLTSLQYFSIYLGYISIAHHYNIEVPTFNKTITSDLKHLYDKRTTFFGIDYEIVSNLLNVLPYEEVSSIIKPMYPIVDSFGKDYDLTIQTVLKNALTISIMNRNLKEAQYYINQFEHLKTIKNISINGYYDLEINYLKQIYQFLTDKNIDSYLNAVNIINIFKIIGKEDIHRSLVEELTKISAKEKFTPPKEVTMYYENYVAIENNPIPEIKEQS,MFKIGSVLKQIRQELNYHQIDLYSGIMSKSVYIKVEADSRPISVEELSKFSERLGVNFFEILNRAGMNTKSVNETGKEKLLISKIFTNPDLFDKNFQRIEPKRLTSLQYFSIYLGYISIAHHYNIEVPTFNKTITSDLKHLYDKRTTFFGIDYEIVSNLLNVLPYEEVSSIIKPMYPIVDSFGKDYDLTIQTVLKNALTISIMNRNLKEAQYYINQFEHLKTIKNISINGCYDLEINYLKQIYQFLTDKNIDSYLNAVNIINIFKIIGKEDIHRSLVEELTKISAKEKFTPPKEVTMYYENYVAIENNPIPEIKEQS,MFKIGSVLKQIRQELNYHQIDLYSGIMSKSVYIKVEADSRPISVEELSKFSERLGVNFFEILNRAGMNTKSVNETGKEKLLISKIFTNPDLFDKNFQRIEPKRLTSLQYFSIYLGYISIAHHYNIEVPTFNKTITSDLKHLYDKRTTFFGIDYEIVSNLLNVLPYEEVSSIIKPMYPIVDSFGKDYDLTIQTVLKNALTISIMNRNLKEAQYYINQFEHLKTIKNISINGYYDLEINYLKQIYQFLTDKNIDSYLNAVNIINIFKIIGKEDIHRSLVEELTKISAKEKFTPPKEVTMYYENYVAIENNPIPEIKEQS,resi 0-288+317-317,resi 0-288+317-317
58,2c1vB,2c1uC,GQDYHPFGLIAKPGAEVLPAGDTGRFEVTRTTDDEYVFR,2c1uC,ETEAIDNGALREEAKGVFEAIPEKMTAIKQTEDNPEGVPLTAEKIELGKVLFFDPRMSSSGLISCQTCHNVGLGGVDGLPTSIGHGWQKGPRNAPTMLNAIFNAAQFWDGRAADLAEQAKGPVQAGVEMSNTPDQVVKTINSMPEYVEAFKAAFPEEADPVTFDNFAAAIEQFEATLITPNSAFDRFLAGDDAAMTDQEKRGLQAFMETGCTACHYGVNFGGQDYHPFGLIAKPGAEVLPAGDTGRFEVTRTTDDEYVFRAAPLRNVALTAPYFHSGVVWELAEAVKIMSSAQIGTELTDQQAEDITAFLGTLTGEQPVIDHPILPVRTGTTPLPTPM,ETEAIDNGALREEAKGVFEAIPEKMTAIKQTEDNPEGVPLTAEKIELGKVLFFDPRMSSSGLISCQTCHNVGLGGVDGLPTSIGHGWQKGPRNAPTMLNAIFNAAQFWDGRAADLAEQAKGPVQAGVEMSNTPDQVVKTINSMPEYVEAFKAAFPEEADPVTFDNFAAAIEQFEATLITPNSAFDRFLAGDDAAMTDQEKRGLQAFMETGCTACHYGVNFGGQDYHPFGLIAKPGAEVLPAGDTGRFEVTRTTDDEYVFRAAPLRNVALTAPYFHSGVVWELAEAVKIMSSAQIGTELTDQQAEDITAFLGTLTGEQPVIDHPILPVRTGTTPLPTPM,ETEAIDNGALREEAKGVFEAIPEKMTAIKQTEDNPEGVPLTAEKIELGKVLFFDPRMSSSGLISCQTCHNVGLGGVDGLPTSIGHGWQKGPRNAPTMLNAIFNAAQFWDGRAADLAEQAKGPVQAGVEMSNTPDQVVKTINSMPEYVEAFKAAFPEEADPVTFDNFAAAIEQFEATLITPNSAFDRFLAGDDAAMTDQEKRGLQAFMETGCTACHYGVNFGGQDYHPFGLIAKPGAEVLPAGDTGRFEVTRTTDDEYVFRAAPLRNVALTAPYFHSGVVWELAEAVKIMSSAQIGTELTDQQAEDITAFLGTLTGEQPVIDHPILPVRTGTTPLPTPM,resi 0-222+260-338,resi 0-222+260-338
59,3kdsG,2ce7C,IIPRGYKALGYTLHLPEEDK,2ce7C,MATMYKPSGNKRVTFKDVGGAEEAIEELKEVVEFLKDPSKFNRIGARMPKGILLVGPPGTGKTLLARAVAGEANVPFFHISGSDFVELFVGVGAARVRDLFAQAKAHAPCIVFIDEIDAVGRHRGAGLGGGHDEREQTLNQLLVEMDGFDSKEGIIVMAATNRPDILDPALLRPGRFDKKIVVDPPDMLGRKKILEIHTRNKPLAEDVNLEIIAKRTPGFVGADLENLVNEAALLAAREGRDKITMKDFEEAIDRVIAGPARKSLLISPAEKRIIAYHEAGHAVVSTVVPNGEPVHRISIIPRGYKALGYTLHLPEEDKYLVSRNELLDKLTALLGGRAAEEVVFGDVTSGAANDIERATEIARNMVCQLGMSEELGPLAWGKEEQEVFLGKEITRLRNYSEEVASKIDEEVKKIVTNCYERAKEIIRKYRKQLDNIVEILLEKETIEGDELRRILSEEFEKVVEAAALEHHHHHH,MATMYKPSGNKRVTFKDVGGAEEAIEELKEVVEFLKDPSKFNRIGARMPKGILLVGPPGTGATLLARAVAGEANVPFFHISGSDFVELFVGVGAARVRDLFAQAKAHAPCIVFIDEIDAVGRHRGAGLGGGHDEREQTLNQLLVEMDGFDSKEGIIVMAATNRPDILDPALLRPGRFDKKIVVDPPDMLGRKKILEIHTRNKPLAEDVNLEIIAKRTPGFVGADLENLVNEAALLAAREGRDKITMKDFEEAIDRVIAGPARKSLLISPAEKRIIAYHEAGHAVVSTVVPNGEPVHRISIIPRGYKALGYTLHLPEEDKYLVSRNELLDKLTALLGGRAAEEVVFGDVTSGAANDIERATEIARNMVCQLGMSEELGPLAWGKEEQEVFLGKEITRLRNYSEEVASKIDEEVKKIVTNCYERAKEIIRKYRKQLDNIVEILLEKETIEGDELRRILSEEFEKVVE,MATMYKPSGNKRVTFKDVGGAEEAIEELKEVVEFLKDPSKFNRIGARMPKGILLVGPPGTGKTLLARAVAGEANVPFFHISGSDFVELFVGVGAARVRDLFAQAKAHAPCIVFIDEIDAVGRHRGAGLGGGHDEREQTLNQLLVEMDGFDSKEGIIVMAATNRPDILDPALLRPGRFDKKIVVDPPDMLGRKKILEIHTRNKPLAEDVNLEIIAKRTPGFVGADLENLVNEAALLAAREGRDKITMKDFEEAIDRVIAGPARKSLLISPAEKRIIAYHEAGHAVVSTVVPNGEPVHRISIIPRGYKALGYTLHLPEEDKYLVSRNELLDKLTALLGGRAAEEVVFGDVTSGAANDIERATEIARNMVCQLGMSEELGPLAWGKEEQEVFLGKEITRLRNYSEEVASKIDEEVKKIVTNCYERAKEIIRKYRKQLDNIVEILLEKETIEGDELRRILSEEFEKVVEAAALEHHHHHH,resi 0-300+319-465,resi 0-300+319-476
60,1nrjB,2gedB,SQEPLSAADYDGSGVTLVDFPGHVKLR,2gedB,HMDGFKFANLEASVVAFEGSINKRKISQWREWIDEKLGGGSGGGGSYQPSIIIAGPQNSGKTSLLTLLTTDSVRPTVVSQEPLSAADYDGSGVTLVDFPGHVKLRYKLSDYLKTRAKFVKGLIFMVDSTVDPKKLTTTAEFLVDILSITESSCENGIDILIACNKSELFTARPPSKIKDALESEIQKVIERRK,GSHMGIKQKSYQPSIIIAGPQNSGKTSLLTLLTTDSVRPTVVSQEPLSAADYDGSGVTLVDFPGHVKLRYKLSDYLKTRAKFVKGLIFMVDSTVDPKKLTTTAEFLVDILSITESSCENGIDILIACNKSELFTARPPSKIKDALESEIQKVIERRKKSLNEVERKINEEDYAENTLDVLQSTDGFKFANLEASVVAFEGSINKRKISQWREWIDEKL,HMDGFKFANLEASVVAFEGSINKRKISQWREWIDEKLGGGSGGGGSYQPSIIIAGPQNSGKTSLLTLLTTDSVRPTVVSQEPLSAADYDGSGVTLVDFPGHVKLRYKLSDYLKTRAKFVKGLIFMVDSTVDPKKLTTTAEFLVDILSITESSCENGIDILIACNKSELFTARPPSKIKDALESEIQKVIERRK,resi 0-41+71-218,resi 0-77+107-193
61,2lelA,2k0qA,GTKIIMKGNEIFRLDEALRKGHS,2k0qA,VDMSNVVKTYDLQDGSKVHVFKDGKMGMENKFGKSMNMPEGKVMETRDGTKIIMKGNEIFRLDEALRKGHSEGG,VDMSNVVKTYDLQDGSKVHVFKDGKMGMENKFGKSMNMPEGKVMETRDGTKIIMKGNEIFRLDEALRKGHSEGG,VDMSNVVKTYDLQDGSKVHVFKDGKMGMENKFGKSMNMPEGKVMETRDGTKIIMKGNEIFRLDEALRKGHSEGG,resi 0-48+72-74,resi 0-48+72-74
62,2lv1A,6lniA,KHMAGAAAAGAVVGGLGGYM,2lv1A,GAMDPGQGGGTHSQWNKPSKPKTNMKHMAGAAAAGAVVGGLGGYMLGSAMSRPIIHFGSDYEDRYYRENMHRYPNQVYYRPMDEYSNQNNFVHDCVNITIKQHTVTTTTKGENFTETDVKMMERVIEQMCITQYERESQAYYQRGSS,GAMDPGQGGGTHSQWNKPSKPKTNMKHMAGAAAAGAVVGGLGGYMLGSAMSRPIIHFGSDYEDRYYRENMHRYPNQVYYRPMDEYSNQNNFVHDCVNITIKQHTVTTTTKGENFTETDVKMMERVIEQMCITQYERESQAYYQRGSS,MKKRPKPGGWNTGGSRYPGQGSPGGNRYPPQGGGGWGQPHGGGWGQPHGGGWGQPHGGGWGQPHGGGWGQGGGTHSQWNKPSKPKTNMKHMAGAAAAGAVVGGLGGYMLGSAMSRPIIHFGSDYEDRYYRENMHRYPNQVYYRPMDEYSNQNNFVHDCVNITIKQHTVTTTTKGENFTETDVKMMERVVEQMCITQYERESQAYYQRGSS,resi 0-22+49-147,resi 0-85+112-210
63,2bzyB,2lqwA,PVFAKAIQKRVPCAYDKTALALEVGDIVKVTRMNINGQWEGEVNGRKGLFPFTHVKIFDPQNPDENE,2lqwA,MSSARFDSSDRSAWYMGPVSRQEAQTRLQGQRHGMFLVRDSSTCPGDYVLSVSENSRVSHYIINSLPNRRFKIGDQEFDHLPALLEFYKIHYLDTTTLIEPAPRYPSPPMGSVSAPNLPTAEDNLEYVRTLYDFPGNDAEDLPFKKGEILVIIEKPEEQWWSARNKDGRVGMIPVPYVEKLVRSSPHGKHGNRNSNSYGIPEPAHAYAQPQTTTPLPAVSGSPGAAITPLPSTQNGPVFAKAIQKRVPCAYDKTALALEVGDIVKVTRMNINGQWEGEVNGRKGLFPFTHVKIFDPQNPDENE,PVFAKAIQKRVPCAYDKTALALEVGDIVKVTRMNINGQWEGEVNGRKGLFPFTHVKIFDPQNPDENE,MSSARFDSSDRSAWYMGPVSRQEAQTRLQGQRHGMFLVRDSSTCPGDYVLSVSENSRVSHYIINSLPNRRFKIGDQEFDHLPALLEFYKIHYLDTTTLIEPAPRYPSPPMGSVSAPNLPTAEDNLEYVRTLYDFPGNDAEDLPFKKGEILVIIEKPEEQWWSARNKDGRVGMIPVPYVEKLVRSSPHGKHGNRNSNSYGIPEPAHAYAQPQTTTPLPAVSGSPGAAITPLPSTQNGPVFAKAIQKRVPCAYDKTALALEVGDIVKVTRMNINGQWEGEVNGRKGLFPFTHVKIFDPQNPDENE,resi 0-1+67-67,resi 0-237+303-303
64,2kkwA,2n0aD,EGVLYVGSKTKEGVVHGVATV,2n0aD,MDVFMKGLSKAKEGVVAAAEKTKQGVAEAAGKTKEGVLYVGSKTKEGVVHGVATVAEKTKEQVTNVGGAVVTGVTAVAQKTVEGAGSIAAATGFVKKDQLGKNEEGAPQEGILEDMPVDPDNEAYEMPSEEGYQDYEPEA,MDVFMKGLSKAKEGVVAAAEKTKQGVAEAAGKTKEGVLYVGSKTKEGVVHGVATVAEKTKEQVTNVGGAVVTGVTAVAQKTVEGAGSIAAATGFVKKDQLGKNEEGAPQEGILEDMPVDPDNEAYEMPSEEGYQDYEPEA,MDVFMKGLSKAKEGVVAAAEKTKQGVAEAAGKTKEGVLYVGSKTKEGVVHGVATVAEKTKEQVTNVGGAVVTGVTAVAQKTVEGAGSIAAATGFVKKDQLGKNEEGAPQEGILEDMPVDPDNEAYEMPSEEGYQDYEPEA,resi 0-35+55-140,resi 0-35+55-140
65,1iytA,2naoF,DSGYEVHHQKLVFFAEDVGS,2naoF,DAEFRHDSGYEVHHQKLVFFAEDVGSNKGAIIGLMVGGVVIA,DAEFRHDSGYEVHHQKLVFFAEDVGSNKGAIIGLMVGGVVIA,DAEFRHDSGYEVHHQKLVFFAEDVGSNKGAIIGLMVGGVVIA,resi 0-6+27-42,resi 0-6+27-42
66,2mwfA,2nntA,GATAVSEWTEYKTADGKTFYYNNRTLESTWEKPQELK,2nntA,GSMGATAVSEWTEYKTADGKTFYYNNRTLESTWEKPQELK,SEWTERKTADGKTYYYNNRTLESTWEKPQELK,GSMGATAVSEWTEYKTADGKTFYYNNRTLESTWEKPQELK,resi 0-1+32-32,resi 0-4+40-40
67,1jfkA,2nxqB,ADGNGEIDQNEFAKFYGSIQGQDLSDDKIGLKVLYKLMDVDGDGKLTKEEVTSFFKKHGIEKVAEQVMKADANGDGYITLEEFLEFS,2nxqB,MAEALFKEIDVNGDGAVSYEEVKAFVSKKRAIKNEQLLQLIFKSIDADGNGEIDQNEFAKFYGSIQGQDLSDDKIGLKVLYKLMDVDGDGKLTKEEVTSFFKKHGIEKVAEQVMKADANGDGYITLEEFLEFSL,MAEALFKEIDVNGDGAVSYEEVKAFVSKKRAIKNEQLLQLIFKSIDADGNGEIDQNEFAKFYGSIQGQDLSDDKIGLKVLYKLMDVDGDGKLTKEEVTSFFKKHGIEKVAEQVMKADANGDGYITLEEFLEFSL,MAEALFKEIDVNGDGAVSYEEVKAFVSKKRAIKNEQLLQLIFKSIDADGNGEIDQNEFAKFYGSIQGQDLSDDKIGLKVLYKLMDVDGDGKLTKEEVTSFFKKHGIEKVAEQVMKADANGDGYITLEEFLEFSL,resi 0-1+134-134,resi 0-1+134-134
68,2p3vD,2p3vA,WGRVDNVEKKTGFKDIVTEI,2p3vA,MDRLDFSIKLLRKVGHLLMIHWGRVDNVEKKTGFKDIVTEIDREAQRMIVDEIRKFFPDENIMAEEGIFEKGDRLWIIDPIDGTINFVHGLPNFSISLAYVENGEVKLGVVHAPALNETLYAEEGSGAFFNGERIRVSENASLEECVGSTGSYVDFTGKFIERMEKRTRRIRILGSAALNAAYVGAGRVDFFVTWRINPWDIAAGLIIVKEAGGMVTDFSGKEANAFSKNFIFSNGLIHDEVVKVVNEVVEEIGGK,MDRLDFSIKLLRKVGHLLMIHWGRVDNVEKKTGFKDIVTEIDREAQRMIVDEIRKFFPDENIMAEEGIFEKGDRLWIIDPIDGTINFVHGLPNFSISLAYVENGEVKLGVVHAPALNETLYAEEGSGAFFNGERIRVSENASLEECVGSTGSYVDFTGKFIERMEKRTRRIRILGSAALNAAYVGAGRVDFFVTWRINPWDIAAGLIIVKEAGGMVTDFSGKEANAFSKNFIFSNGLIHDEVVKVVNEVVEEIGGK,MDRLDFSIKLLRKVGHLLMIHWGRVDNVEKKTGFKDIVTEIDREAQRMIVDEIRKFFPDENIMAEEGIFEKGDRLWIIDPIDGTINFVHGLPNFSISLAYVENGEVKLGVVHAPALNETLYAEEGSGAFFNGERIRVSENASLEECVGSTGSYVDFTGKFIERMEKRTRRIRILGSAALNAAYVGAGRVDFFVTWRINPWDIAAGLIIVKEAGGMVTDFSGKEANAFSKNFIFSNGLIHDEVVKVVNEVVEEIGGK,resi 0-22+41-256,resi 0-22+41-256
69,5jytA,2qkeE,LAKVLPPPVRRIIGDLSNREKVLIGLDLLYEEIGD,5jytA,MAPLRKTAVLKLYVAGNTPNSVRALKTLANILEKEFKGVYALKVIDVLKNPQLAEEDKILATPTLAKVLPPPVRRIIGDLSNREKVLIALRLLAEEIGDYKDDDDK,MAPLRKTAVLKLYVAGNTPNSVRALKTLANILEKEFKGVYALKVIDVLKNPQLAEEDKILATPTLAKVLPPPVRRIIGDLSNREKVLIALRLLAEEIGDYKDDDDK,MAPLRKTYVLKLYVAGNTPNSVRALKTLNNILEKEFKGVYALKVIDVLKNPQLAEEDKILATPTLAKVLPPPVRRIIGDLSNREKVLIGLDLLYEEIGDQAEDDLGLE,resi 0-44+106-106,resi 0-44+106-108
70,3g0hA,3ewsB,LVDNTNQVEVLQRDPNSPLY,3ewsB,MHHHHHHSSGVDLGTENLYFQSMEDRAAQSLLNKLIRSNLVDNTNQVEVLQRDPNSPLYSVKSFEELRLKPQLLQGVYAMGFNRPSKIQENALPLMLAEPPQNLIAQSQSGTGKTAAFVLAMLSQVEPANKYPQCLCLSPTYELALQTGKVIEQMGKFYPELKLAYAVRGNKLERGQKISEQIVIGTPGTVLDWCSKLKFIDPKKIKVFVLDEADVMIATQGHQDQSIRIQRMLPRNCQMLLFSATFEDSVWKFAQKVVPDPNVIKLKREEETLDTIKQYYVLCSSRDEKFQALCNLYGAITIAQAMIFCHTRKTASWLAAELSKEGHQVALLSGEMMVEQRAAVIERFREGKEKVLVTTNVCARGIDVEQVSVVINFDLPVDKDGNPDNETYLHRIGRTGRFGKRGLAVNMVDSKHSMNILNRIQEHFNKKIERLDTDDLDEIE,SMEDRAAQSLLNKLIRSNLVDNTNQVEVLQRDPNSPLYSVKSFEELRLKPQLLQGVYAMGFNRPSKIQENALPLMLAEPPQNLIAQSQSGTGKTAAFVLAMLSQVEPANKYPQCLCLSPTYELALQTGKVIEQMGKFYPELKLAYAVRGNKLERGQKISEQIVIGTPGTVLDWCSKLKFIDPKKIKVFVLDEADVMIATQGHQDQSIRIQRMLPRNCQMLLFSATFEDSVWKFAQKVVPDPNVIKLKREEETLDTIKQYYVLCSSRDEKFQALCNLYGAITIAQAMIFCHTRKTASWLAAELSKEGHQVALLSGEMMVEQRAAVIERFREGKEKVLVTTNVCARGIDVEQVSVVINFDLPVDKDGNPDNETYLHRIGRTGRFGKRGLAVNMVDSKHSMNILNRIQEHFNKKIERLDTDDLDEIE,MHHHHHHSSGVDLGTENLYFQSMEDRAAQSLLNKLIRSNLVDNTNQVEVLQRDPNSPLYSVKSFEELRLKPQLLQGVYAMGFNRPSKIQENALPLMLAEPPQNLIAQSQSGTGKTAAFVLAMLSQVEPANKYPQCLCLSPTYELALQTGKVIEQMGKFYPELKLAYAVRGNKLERGQKISEQIVIGTPGTVLDWCSKLKFIDPKKIKVFVLDEADVMIATQGHQDQSIRIQRMLPRNCQMLLFSATFEDSVWKFAQKVVPDPNVIKLKREEETLDTIKQYYVLCSSRDEKFQALCNLYGAITIAQAMIFCHTRKTASWLAAELSKEGHQVALLSGEMMVEQRAAVIERFREGKEKVLVTTNVCARGIDVEQVSVVINFDLPVDKDGNPDNETYLHRIGRTGRFGKRGLAVNMVDSKHSMNILNRIQEHFNKKIERLDTDDLDEIE,resi 0-19+38-424,resi 0-40+59-445
71,2vfxL,3gmhL,EKWEESGPQFITNSEEVRLRSFTTTIHKVNSMVAYKIP,3gmhL,MRGSHHHHHHGSITLRGSAEIVAEFFSFGINSILYQRGIYPSETFTRVQKYGLTLLVTTDLELIKYLNNVVEQLKDWLYKCSVQKLVVVISNIESGEVLERWQFDIECDKTAKDDSAPREKSQKAIQDEIRSVIRQITATVTFLPLLEVSCSFDLLIYTDKDLVVPEKWEESGPQFITNSEEVRLRSFTTTIHKVNSMVAYKIPVND,GMALQLSREQGITARGSAEIVAEFFSFGINSILYQRGIYPSETFTRVQKYGLTLLVTTDLELIKYLNNVVEQLKDWLYKSSVQKLVVVISNIESGEVLERWQFDIESDKTAKDDSAPREKSQKAIQDEIRSVIRQITATVTFLPLLEVSCSFDLLIYTDKDLVVPEKWEESGPQFITNSEEVRLRSFTTTIHKVNSMVAYKIPVND,MRGSHHHHHHGSITLRGSAEIVAEFFSFGINSILYQRGIYPSETFTRVQKYGLTLLVTTDLELIKYLNNVVEQLKDWLYKCSVQKLVVVISNIESGEVLERWQFDIECDKTAKDDSAPREKSQKAIQDEIRSVIRQITATVTFLPLLEVSCSFDLLIYTDKDLVVPEKWEESGPQFITNSEEVRLRSFTTTIHKVNSMVAYKIPVND,resi 0-163+206-206,resi 0-164+207-207
72,4h2aA,3j9cA,DHSLSLAGERTWAETMGLNTAD,3j9cA,TVPDRDNDGIPDSLEVEGYTVDVKNKRTFLSPWISNIHEKKGLTKYKSSPEKWSTASDPYSDFEKVTGRIDKNVSPEARHPLVAAYPIVHVDMENIILSKNEDQSTQNTDSQTRTISKNTSTSRTHTSEVHGNAEVHASFFDIGGSVSAGFSNSNSSTVAIDHSLSLAGERTWAETMGLNTADTARLNANIRYVNTGTAPIYNVLPTTSLVLGKNQTLATIKAKENQLSQILAPNNYYPSKNLAPIALNAQDDFSSTPITMNYNQFLELEKTKQLRLDTDQVYGNIATYNFENGRVRVDTGSNWSEVLPQIQETTARIIFNGKDLNLVERRIAAVNPSDPLETTKPDMTLKEALKIAFGFNEPNGNLQYQGKDITEFDFNFDQQTSQNIKNQLAELNATNIYTVLDKIKLNAKMNILIRDKRFHYDRNNIAVGADESVVKEAHREVINSSTEGLLLNIDKDIRKILSGYIVEIEDTEGLKEVINDRYDMLNISSLRQDGKTFIDFKKYNDKLPLYISNPNYKVNVYAVTKENTIINPSENGDTSTNGIKKILIFSKKGYEIG,EVKQENRLLNESESSSQGLLGYYFSDLNFQAPMVVTSSTTGDLSIPSSELENIPSENQYFQSAIWSGFIKVKKSDEYTFATSADNHVTMWVDDQEVINKASNSNKIRLEKGRLYQIKIQYQRENPTEKGLDFKLYWTDSQNKKEVISSDNLQLPELKQKSSNSRKKRSTSAGPTVPDRDNDGIPDSLEVEGYTVDVKNKRTFLSPWISNIHEKKGLTKYKSSPEKWSTASDPYSDFEKVTGRIDKNVSPEARHPLVAAYPIVHVDMENIILSKNEDQSTQNTDSQTRTISKNTSTSRTHTSEVHGNAEVHASFFDIGGSVSAGFSNSNSSTVAIDHSLSLAGERTWAETMGLNTADTARLNANIRYVNTGTAPIYNVLPTTSLVLGKNQTLATIKAKENQLSQILAPNNYYPSKNLAPIALNAQDDFSSTPITMNYNQFLELEKTKQLRLDTDQVYGNIATYNFENGRVRVDTGSNWSEVLPQIQETTARIIFNGKDLNLVERRIAAVNPSDPLETTKPDMTLKEALKIAFGFNEPNGNLQYQGKDITEFDFNFDQQTSQNIKNQLAELNATNIYTVLDKIKLNAKMNILIRDKRFHYDRNNIAVGADESVVKEAHREVINSSTEGLLLNIDKDIRKILSGYIVEIEDTEGLKEVINDRYDMLNISSLRQDGKTFIDFKKYNDKLPLYISNPNYKVNVYAVTKENTIINPSENGDTSTNGIKKILIFSKKGYEIG,TVPDRDNDGIPDSLEVEGYTVDVKNKRTFLSPWISNIHEKKGLTKYKSSPEKWSTASDPYSDFEKVTGRIDKNVSPEARHPLVAAYPIVHVDMENIILSKNEDQSTQNTDSQTRTISKNTSTSRTHTSEVHGNAEVHASFFDIGGSVSAGFSNSNSSTVAIDHSLSLAGERTWAETMGLNTADTARLNANIRYVNTGTAPIYNVLPTTSLVLGKNQTLATIKAKENQLSQILAPNNYYPSKNLAPIALNAQDDFSSTPITMNYNQFLELEKTKQLRLDTDQVYGNIATYNFENGRVRVDTGSNWSEVLPQIQETTARIIFNGKDLNLVERRIAAVNPSDPLETTKPDMTLKEALKIAFGFNEPNGNLQYQGKDITEFDFNFDQQTSQNIKNQLAELNATNIYTVLDKIKLNAKMNILIRDKRFHYDRNNIAVGADESVVKEAHREVINSSTEGLLLNIDKDIRKILSGYIVEIEDTEGLKEVINDRYDMLNISSLRQDGKTFIDFKKYNDKLPLYISNPNYKVNVYAVTKENTIINPSENGDTSTNGIKKILIFSKKGYEIG,resi 0-333+358-735,resi 0-160+185-562
73,2pbkB,3njqA,FVDVVSCPKLEQELYLDPDQVTDYL,3njqA,GLYVGGFVDVVSCPKLEQELYLDPDQVTDYLPVTEPLPITIEHLPETEVGWTLGLFQVSHGIFCTGAITSPAFLELASRLADTSHVARAPVKNLPKEPLLEILHTWLPGLSLSSIHPRELSQTPSGPVFQHVSLCALGRRRGTVAVYGHDAEWVVSRFSSVSKSERAHILQHVSSCRLEDLSTPNFVSPLETL,QGLYVGGFVDVVSCPKLEQELYLDPDQVTDYLPVTEPLPITIEHLPETEVGWTLGLFQVSHGIFCTGAITSPAFLELASRLADTSHVARAPVKNLPKEPLLEILHTWLPGLSLSSIHPRELSQTPSGPVFQHVSLCALGRRRGTVAVYGHDAEWVVSRFSSVSKSERAHILQHVSSCRLEDLSTPNFVSPLETLMAKAIDAGFIRDRLDLLKTDRGVASILSPVYLKA,GLYVGGFVDVVSCPKLEQELYLDPDQVTDYLPVTEPLPITIEHLPETEVGWTLGLFQVSHGIFCTGAITSPAFLELASRLADTSHVARAPVKNLPKEPLLEILHTWLPGLSLSSIHPRELSQTPSGPVFQHVSLCALGRRRGTVAVYGHDAEWVVSRFSSVSKSERAHILQHVSSCRLEDLSTPNFVSPLETL,resi 0-8+32-228,resi 0-7+31-193
74,1kctA,3t1pA,RRSASLHLPKLCITGTYDLKSVLGQLGITKVFSNGADLSGVTEEAPLKLSKAVHKAVLCIDEKGTEAAGAMFLEAIPRSIPPEV,3t1pA,NKITPNLAEFAFSLYRQLAHQSNSTNIFFSPVSIATAFAMLSLGTKADTHDEILEGLNFNLTEIPEAQIHEGFQELLRTLNQPDSQLQLTTGNGLFLSEGLKLVDKFLEDVKKLYHSEAFTVNFGDTEEAKKQINDYVEKGTQGKIVDLVKELDRDTVFALVNYIFFKGKWERPFEVKDTEEEDFHVDQVTTVKVPMMKRLGMFNIQHSKKLSSWVLLMKYLGNATAIFFLPDEGKLQHLENELTHDIITKFLENEDRRSASLHLPKLCITGTYDLKSVLGQLGITKVFSNGADLSGVTEEAPLKLSKAVHKAVLCIDEKGTEAAGAMFLEAIPRSIPPEVKFNKPFVFLMIEQNTKSPLFMGKVVNPTQK,EDPQGDAAQKTDTSHHDQDHPTFNKITPNLAEFAFSLYRQLAHQSNSTNIFFSPVSIAAAFAMLSLGAKGDTHDEILEGLNFNLTEIPEAQIHEGFQELLRTLNQPDSQLQLTTGNGLFLSEGLKLVDKFLEDVKKLYHSEAFTVNFGDTEEAKKQINDYVEKGTQGKIVDLVKELDRDTVFALVNYIFFKGKWERPFEVKDTEEEDFHVDQVTTVKVPMMKRLGMFNIQHCKKLSSWVLLMKYLGNATAIFFLPDEGKLQHLENELTHDIITKFLENEDRRSASLHLPKLSITGTYDLKSVLGQLGITKVFSNGADLSGVTEEAPLKLSKAVHKAVLTIDEKGTEAAGAMFLEAIPMSIPPEVKFNKPFVFLMIEQNTKSPLFMGKVVNPTQK,NKITPNLAEFAFSLYRQLAHQSNSTNIFFSPVSIATAFAMLSLGTKADTHDEILEGLNFNLTEIPEAQIHEGFQELLRTLNQPDSQLQLTTGNGLFLSEGLKLVDKFLEDVKKLYHSEAFTVNFGDTEEAKKQINDYVEKGTQGKIVDLVKELDRDTVFALVNYIFFKGKWERPFEVKDTEEEDFHVDQVTTVKVPMMKRLGMFNIQHSKKLSSWVLLMKYLGNATAIFFLPDEGKLQHLENELTHDIITKFLENEDRRSASLHLPKLCITGTYDLKSVLGQLGITKVFSNGADLSGVTEEAPLKLSKAVHKAVLCIDEKGTEAAGAMFLEAIPRSIPPEVKFNKPFVFLMIEQNTKSPLFMGKVVNPTQK,resi 0-252,resi 0-229
75,3t5oA,4a5wB,VQTAEDDLKTDFYKDLTSLG,4a5wB,CFCDHYAWTQWTSCSKTCNSGTQSRHRQIVVDKYYQENFCEQICSKQETRECNWQRCPINCLLGDFGPWSDCDPCIEKQSKVRSVLRPSQFGGQPCTAPLVAFQPCIPSKLCKIEEADCKNKFRCDSGRCIARKLECNGENDCGDNSDERDCGRTKAVCTRKYNPIPSVQLMGNGFHFLAGEPRGEVLDNSFTGGICKTVKSSRTSNPYRVPANLENVGFEVQTAEDDLKTDFYKDLTSLGHNENQQGSFSSQGGSSFSVPIFYSSKRSENINHNSAFKQAIQASHKKDSSFIRIHKVMKVLNFTTKAKDLHLSDVFLKALNHLPLEYNSALYSRIFDDFGTHYFTSGSLGGVYDLLYQFSSEELKNSGLTEEEAKHCVRIETKKRVLFAKKTKVEHRCTTNKLSEKHEGSFIQGAEKSISLIRGGRSEYGAALAWEKGSSGLEEKTFSEWLESVKENPAVIDFELAPIVDLVRNIPCAVTKRNNLRKALQEYAAKFDPCQCAPCPNNGRPTLSGTECLCVCQSGTYGENCEKQSPDYKSNAVDGQWGCWSSWSTCDATYKRSRTRECNNPAPQRGGKRCEGEKRQEEDCTFSIMENNGQPCINDDEEMKEVDLPEIEADSGCPQPVPPENGFIRNEKQLYLVGEDVEISCLTGFETVGYQYFRCLPDGTWRQGDVECQRTECIKPVVQEVLTITPFQRLYRIGESIELTCPKGFVVAGPSRYTCQGNSWTPPISNSLTCEKDTLTKLKGHCQLGQKQSGSECICMSPEEDCSHHSEDLCVFDTDSNDYFTSPACKFLAEKCLNNQQLHFLHIGSCQDGRQLEWGLERTRLSSNSTKKESCGYDTCYDWEKCSASTSKCVCLLPPQCFKGGNQLYCVKMGSSTSEKTLNICEVGTIRCANRKMEILHPGKCLA,CFCDHYAWTQWTSCSKTCNSGTQSRHRQIVVDKYYQENFCEQICSKQETRECNWQRCPINCLLGDFGPWSDCDPCIEKQSKVRSVLRPSQFGGQPCTAPLVAFQPCIPSKLCKIEEADCKNKFRCDSGRCIARKLECNGENDCGDNSDERDCGRTKAVCTRKYNPIPSVQLMGNGFHFLAGEPRGEVLDNSFTGGICKTVKSSRTSNPYRVPANLENVGFEVQTAEDDLKTDFYKDLTSLGHNENQQGSFSSQGGSSFSVPIFYSSKRSENINHNSAFKQAIQASHKKDSSFIRIHKVMKVLNFTTKAKDLHLSDVFLKALNHLPLEYNSALYSRIFDDFGTHYFTSGSLGGVYDLLYQFSSEELKNSGLTEEEAKHCVRIETKKRVLFAKKTKVEHRCTTNKLSEKHEGSFIQGAEKSISLIRGGRSEYGAALAWEKGSSGLEEKTFSEWLESVKENPAVIDFELAPIVDLVRNIPCAVTKRNNLRKALQEYAAKFDPCQCAPCPNNGRPTLSGTECLCVCQSGTYGENCEKQSPDYKSNAVDGQWGCWSSWSTCDATYKRSRTRECNNPAPQRGGKRCEGEKRQEEDCTFSIMENNGQPCINDDEEMKEVDLPEIEADSGCPQPVPPENGFIRNEKQLYLVGEDVEISCLTGFETVGYQYFRCLPDGTWRQGDVECQRTECIKPVVQEVLTITPFQRLYRIGESIELTCPKGFVVAGPSRYTCQGNSWTPPISNSLTCEKDTLTKLKGHCQLGQKQSGSECICMSPEEDCSHHSEDLCVFDTDSNDYFTSPACKFLAEKCLNNQQLHFLHIGSCQDGRQLEWGLERTRLSSNSTKKESCGYDTCYDWEKCSASTSKCVCLLPPQCFKGGNQLYCVKMGSSTSEKTLNICEVGTIRCANRKMEILHPGKCLA,CFCDHYAWTQWTSCSKTCNSGTQSRHRQIVVDKYYQENFCEQICSKQETRECNWQRCPINCLLGDFGPWSDCDPCIEKQSKVRSVLRPSQFGGQPCTAPLVAFQPCIPSKLCKIEEADCKNKFRCDSGRCIARKLECNGENDCGDNSDERDCGRTKAVCTRKYNPIPSVQLMGNGFHFLAGEPRGEVLDNSFTGGICKTVKSSRTSNPYRVPANLENVGFEVQTAEDDLKTDFYKDLTSLGHNENQQGSFSSQGGSSFSVPIFYSSKRSENINHNSAFKQAIQASHKKDSSFIRIHKVMKVLNFTTKAKDLHLSDVFLKALNHLPLEYNSALYSRIFDDFGTHYFTSGSLGGVYDLLYQFSSEELKNSGLTEEEAKHCVRIETKKRVLFAKKTKVEHRCTTNKLSEKHEGSFIQGAEKSISLIRGGRSEYGAALAWEKGSSGLEEKTFSEWLESVKENPAVIDFELAPIVDLVRNIPCAVTKRNNLRKALQEYAAKFDPCQCAPCPNNGRPTLSGTECLCVCQSGTYGENCEKQSPDYKSNAVDGQWGCWSSWSTCDATYKRSRTRECNNPAPQRGGKRCEGEKRQEEDCTFSIMENNGQPCINDDEEMKEVDLPEIEADSGCPQPVPPENGFIRNEKQLYLVGEDVEISCLTGFETVGYQYFRCLPDGTWRQGDVECQRTECIKPVVQEVLTITPFQRLYRIGESIELTCPKGFVVAGPSRYTCQGNSWTPPISNSLTCEKDTLTKLKGHCQLGQKQSGSECICMSPEEDCSHHSEDLCVFDTDSNDYFTSPACKFLAEKCLNNQQLHFLHIGSCQDGRQLEWGLERTRLSSNSTKKESCGYDTCYDWEKCSASTSKCVCLLPPQCFKGGNQLYCVKMGSSTSEKTLNICEVGTIRCANRKMEILHPGKCLA,resi 0-221+242-913,resi 0-221+242-913
76,4ow6B,4ae0A,LEHPELSELKTVTGTNPVFA,4ae0A,GADDVVDSSKSFVMENFSSYHGTKPGYVDSIQKGIQKPKSGTQGNYDDDWKEFYSTDNKYDAAGYSVDNENPLSGKAGGVVKVTYPGLTKVLALKVDNAETIKKELGLSLTEPLMEQVGTEEFIKRFGDGASRVVLSLPFAEGSSSVEYINNWEQAKALSVELEINFETRGKRGQDAMYEYMAQACAGNRVRRSVGSSLSCINLDWDVIRDKTKTKIESLKEHGPIKNKMSESPNKTVSEEKAKQYLEEFHQTALEHPELSELKTVTGTNPVFAGANYAAWAVNVAQVIDSETADNLEKTTAALSILPGIGSVMGIADGAVHHNTEEIVAQSIALSSLMVAQAIPLVGELVDIGFAAYNFVESIINLFQVVHNSYNRPAYSPGHKTQPFLHDGYAVSWNTVEDSIIRTGFQGESGHDIKITAENTPLPIAGVLLPTIPGKLDVNKSKTHISVNGRKIRMRCRAIDGDVTFCRPKSPVYVGNGVHANLHVAFHRSSSEKIHSNEISSDSIGVLGYQKTVDHTKVNSKLSLFFEIKS,PISPIETVPVKLKPGMDGPKVKQWPLTEEKIKALVEICTEMEKEGKISKIGPENPYNTPVFAIKKKDSTKWRKLVDFRELNKRTQDFWEVQLGIPHPAGLKKKKSVTVLDVGDAYFSVPLDEDFRKYTAFTIPSINNETPGIRYQYNVLPQGWKGSPAIFQSSMTKILEPFRKQNPDIVIYQYMDDLYVGSDLEIGQHRTKIEELRQHLLRWGLTTPDKKHQKEPPFLWMGYELHPDKWTVQPIVLPEKDSWTVNDIQKLVGKLNWASQIYPGIKVRQLCKLLRGTKALTEVIPLTEEAELELAENREILKEPVHGVYYDPSKDLIAEIQKQGQGQWTYQIYQEPFKNLKTGKYARMRGAHTNDVKQLTEAVQKITTESIVIWGKTPKFKLPIQKETWETWWTEYWQATWIPEWEFVNTPPLVKLWYQLEKEPIVGAETFYVDGAANRETKLGKAGYVTNRGRQKVVTLTDTTNQKTELQAIYLALQDSGLEVNIVTDSQYALGIIQAQPDQSESELVNQIIEQLIKKEKVYLAWVPAHKGIGGNEQVDKLVSAGIRKVL,PISPIETVPVKLKPGMDGPKVKQWPLTEEKIKALVEICTEMEKEGKISKIGPENPYNTPVFAIKKKDSTKWRKLVDFRELNKRTQDFWEVQLGIPHPAGLKKKKSVTVLDVGDAYFSVPLDEDFRKYTAFTIPSINNETPGIRYQYNVLPQGWKGSPAIFQSSMTKILEPFRKQNPDIVIYQYMDDLYVGSDLEIGQHRTKIEELRQHLLRWGLTTPDKKHQKEPPFLWMGYELHPDKWTVQPIVLPEKDSWTVNDIQKLVGKLNWASQIYPGIKVRQLCKLLRGTKALTEVIPLTEEAELELAENREILKEPVHGVYYDPSKDLIAEIQKQGQGQWTYQIYQEPFKNLKTGKYARMRGAHTNDVKQLTEAVQKITTESIVIWGKTPKFKLPIQKETWETWWTEYWQATWIPEWEFVNTPPLVKLWYQLEKEPIVGAETFYVDGAANRETKLGKAGYVTNRGRQKVVTLTDTTNQKTELQAIYLALQDSGLEVNIVTDSQYALGIIQAQPDQSESELVNQIIEQLIKKEKVYLAWVPAHKGIGGNEQVDKLVSAGIRKVL,resi 0-300+323-560,resi 0-300+323-560
77,3meeA,4b3oB,WWTEYWQATWVPEWEFVNTPPLVKLWYQLEKEPIVGAETF,4b3oB,GPISPIETVPVKLKPGMDGPKVKQWPLTEEKIKALVEICTEMEKEGKISKIGPENPYNTPVFAIKKKDGTKWRKLVDFRELNKKTQDFWEVQLGIPHPAGLKKKKSVTVLDVGDAYFSVPLDEDFRKYTAFTIPSINNETPGIRYQYNVLPQGWKGSPAIFQSSMTKILEPFRKQNPDIVIYQYMDDLYVGSDLEIGQHRTKIEELRQHLLRWGLTTPDKKHQKEPPFLWMGYELHPDKWTVQPIVLPEKDSWTVNDIQKLVGKLNWASQIYPGIKVRQLCKLLRGTKALTEVIPLTEEAELELAENREILKEPVHGVYYDPSKDLIAEIQKQGQGQWTYQIYQEPFKNLKTGKYARMRGAHTNDVKQLTEAVQKITTESIVIWGKTPKFKLPIQKETWETWWTEYWQATWVPEWEFVNTPPLVKLWYQLEKEPIVGAETF,PISPIETVPVKLKPGMDGPKVKQWPLTEEKIKALVEICTEMEKEGKISKIGPENPYNTPVFAIKKKDSTKWRKLVDFRELNKRTQDFWEVQLGIPHPAGLKKKKSVTVLDVGDAYFSVPLDEDFRKYTAFTIPSINNETPGIRYQYNVLPQGWKGSPAIFQSSMTKILEPFRKQNPDIVIYQYMDDLYVGSDLEIGQHRTKIEELRQHLLRWGLTTPDKKHQKEPPFLWMGYELHPDKWTVQPIVLPEKDSWTVNDIQKLVGKLNWASQIYPGIKVRQLCKLLRGTKALTEVIPLTEEAELELAENREILKEPVHGVYYDPSKDLIAEIQKQGQGQWTYQIYQEPFKNLKTGKYARMRGAHTNDVKQLTEAVQKITTESIVIWGKTPKFKLPIQKETWETWWTEYWQATWIPEWEFVNTPPLVKLWYQLEKEPIVGAETFYVDGAANRETKLGKAGYVTNRGRQKVVTLTDTTNQKTELQAIYLALQDSGLEVNIVTDSQYALGIIQAQPDQSESELVNQIIEQLIKKEKVYLAWVPAHKGIGGNEQVDKLVSAGIRKVL,GPISPIETVPVKLKPGMDGPKVKQWPLTEEKIKALVEICTEMEKEGKISKIGPENPYNTPVFAIKKKDGTKWRKLVDFRELNKKTQDFWEVQLGIPHPAGLKKKKSVTVLDVGDAYFSVPLDEDFRKYTAFTIPSINNETPGIRYQYNVLPQGWKGSPAIFQSSMTKILEPFRKQNPDIVIYQYMDDLYVGSDLEIGQHRTKIEELRQHLLRWGLTTPDKKHQKEPPFLWMGYELHPDKWTVQPIVLPEKDSWTVNDIQKLVGKLNWASQIYPGIKVRQLCKLLRGTKALTEVIPLTEEAELELAENREILKEPVHGVYYDPSKDLIAEIQKQGQGQWTYQIYQEPFKNLKTGKYARMRGAHTNDVKQLTEAVQKITTESIVIWGKTPKFKLPIQKETWETWWTEYWQATWVPEWEFVNTPPLVKLWYQLEKEPIVGAETF,resi 0-401+440-560,resi 0-402+441-441
78,4dxrA,4dxtA,TYETKTALLSLFGIPLWYHS,4dxtA,GPGVTEEQVHHIVKQALQRYSEDRIGLADYALESGGASVISTRCSETYETKTALLSLFGIPLWYHSQSPRVILQPDVHPGNCWAFQGPQGFAVVRLSARIRPTAVTLEHVPKALSPNSTISSAPKDFAIFGFDEDLQQEGTLLGKFTYDQDGEPIQTFHFQAPTMATYQVVELRILTNWGHPEYTCIYRFRVHGEPAH,GPGGSGGVTEEQVHHIVKQALQRYSEDRIGLADYALESGGASVISTRCSETYETKTALLSLFGIPLWYHSQSPRVILQPDVHPGNCWAFQGPQGFAVVRLSARIRPTAVTLEHVPKALSPNSTISSAPKDFAIFGFDEDLQQEGTLLGKFTYDQDGEPIQTFHFQAPTMATYQVVELRILTNWGHPEYTCIYRFRVHGEPAH,GPGVTEEQVHHIVKQALQRYSEDRIGLADYALESGGASVISTRCSETYETKTALLSLFGIPLWYHSQSPRVILQPDVHPGNCWAFQGPQGFAVVRLSARIRPTAVTLEHVPKALSPNSTISSAPKDFAIFGFDEDLQQEGTLLGKFTYDQDGEPIQTFHFQAPTMATYQVVELRILTNWGHPEYTCIYRFRVHGEPAH,resi 0-50+71-202,resi 0-46+67-198
79,4g0dZ,4fu4C,EDDLSEEDLQFAERYLRSYYHPT,4fu4C,GGDEDDLSEEDLQFAERYLRSYYHPT,GGDEDDLSEEDLQFAERYLRSYYHPT,GGDEDDLSEEDLQFAERYLRSYYHPT,resi 0-4+26-26,resi 0-4+26-26
80,2lepA,4hddA,DYMATQGVILTIQQHNQSDVWLADE,4hddA,LMITSFANPRVAQAFVDYMATQGVILTIQQHNQSDVWLADESQAERVRAELARFLENPADPRYLAASWQAGHTENLYFQ,MLMITSFANPRVAQAFVDYMATQGVILTIQQHNQSDVWLADESQAERVRAELARFLENPADLDHHHHHH,LMITSFANPRVAQAFVDYMATQGVILTIQQHNQSDVWLADESQAERVRAELARFLENPADPRYLAASWQAGHTENLYFQ,resi 0-18+42-69,resi 0-17+41-79
81,2qqjA,4qdsA,PCSNMLGMLSGLIADSQISA,4qdsA,GSHMFQCNVPLGMESGRIANEQISASSTYSDGRWTPQQSRLHGDDNGWTPNLDSNKEYLQVDLRFLTMLTAIATQGAISRETQNGYYVKSYKLEVSTNGEDWMVYRHGKNHKVFQANNDATEVVLNKLHAPLLTRFVRIRPQTWHSGIALRLELFGCRVTDAPCSNMLGMLSGLIADSQISASSTQE,GSHMFQCNVPLGMESGRIANEQISASSTYSDGRWTPQQSRLHGDDNGWTPNLDSNKEYLQVDLRFLTMLTAIATQGAISRETQNGYYVKSYKLEVSTNGEDWMVYRHGKNHKVFQANNDATEVVLNKLHAPLLTRFVRIRPQTWHSGIALRLELFGCRVTDAPCSNMLGMLSGLIADSQISASSTQEYLWSPSAARLVSSRSGWFPRIPQAQPGEEWLQVDLGTPKTVKGVIIQGARGGDSITAVEARAFVRKFKVSYSLNGKDWEYIQDPRTQQPKLFEGNMHYDTPDIRRFDPIPAQYVRVYPERWSPAGIGMRLEVLGCDWT,GSHMFQCNVPLGMESGRIANEQISASSTYSDGRWTPQQSRLHGDDNGWTPNLDSNKEYLQVDLRFLTMLTAIATQGAISRETQNGYYVKSYKLEVSTNGEDWMVYRHGKNHKVFQANNDATEVVLNKLHAPLLTRFVRIRPQTWHSGIALRLELFGCRVTDAPCSNMLGMLSGLIADSQISASSTQE,resi 0-162+183-325,resi 0-162+183-187
82,4rmbB,4rmbA,TNISGDSDANAEIKLLSLEH,4rmbA,RIMKLDDERQTETYITQINPEGKEMYFASGLGNLYTIIGSDGTSGSPVNLLNAEVKILKTNSKNLTDSMDQNYDSPEFEDVTSQYSYTNDGSKITIDWKTNSISSTTSYVVLVKIPKQSGVLYSTVSDINQTYGSKYSYGHTNISGDSDANAEIKLLSLEHHHHHH,RIMKLDDERQTETYITQINPEGKEMYFASGLGNLYTIIGSDGTSGSPVNLLNAEVKILKTNSKNLTDSMDQNYDSPEFEDVTSQYSYTNDGSKITIDWKTNSISSTTSYVVLVKIPKQSGVLYSTVSDINQTYGSKYSYGHTNISGDSDANAEIKLLSLEHHHHHH,RIMKLDDERQTETYITQINPEGKEMYFASGLGNLYTIIGSDGTSGSPVNLLNAEVKILKTNSKNLTDSMDQNYDSPEFEDVTSQYSYTNDGSKITIDWKTNSISSTTSYVVLVKIPKQSGVLYSTVSDINQTYGSKYSYGHTNISGDSDANAEIKLLSLEHHHHHH,resi 0-139+164-166,resi 0-139+164-166
83,3l9qB,4rr2D,IGLTLEQALQFWKQEFIKGKMDPDKFDKGYSYNIRHSFGKEGKRTD,4rr2D,MEFSGRKWRKLRLAGDQRNASYPHCLQFYLQPPSENISLIEFENLAIDRVKLLKSVENLGVSYVKGTEQYQSKLESELRKLKFSYRENLEDEYEPRRRDHISHFILRLAYCQSEELRRWFIQQEMDLLRFRFSILPKDKIQDFLKDSQLQFEAISDEEKTLREQEIVASSPSLSGLKLGFESIYKIPFADALDLFRGRKVYLEDGFAYVPLKDIVAIILNEFRAKLSKALALTARSLPAVQSDERLQPLLNHLSHSYTGQDYSTQGNVGKISLDQIDLLSTKSFPPCMRQLHKALRENHHLRHGGRMQYGLFLKGIGLTLEQALQFWKQEFIKGKMDPDKFDKGYSYNIRHSFGKEGKRTDYTPFSCLKIILSNPPSQGDYHGCPFRHSDPELLKQKLQSYKISPGGISQILDLVKGTHYQVACQKYFEMIHNVDDCGFSLNHPNQFFCESQRILNGGKDIKKEPIQPETPQPKPSVQKTKDASSALASLNSSLEMDMEGLEDYFSEDS,NSSLDQIDLLSTKSFPPCMRQLHKALRENHHLRHGGRMQYGLFLKGIGLTLEQALQFWKQEFIKGKMDPDKFDKGYSYNIRHSFGKEGKRTDYTPFSCLKIILSNPPSQGDYHGCPFRHSDPELLKQKLQSYKISPGGISQILDLVKGTHYQVACQKYFEMIHNVDDCGFSLNHPNQFFCESQRILNGGKDIKKE,MEFSGRKWRKLRLAGDQRNASYPHCLQFYLQPPSENISLIEFENLAIDRVKLLKSVENLGVSYVKGTEQYQSKLESELRKLKFSYRENLEDEYEPRRRDHISHFILRLAYCQSEELRRWFIQQEMDLLRFRFSILPKDKIQDFLKDSQLQFEAISDEEKTLREQEIVASSPSLSGLKLGFESIYKIPFADALDLFRGRKVYLEDGFAYVPLKDIVAIILNEFRAKLSKALALTARSLPAVQSDERLQPLLNHLSHSYTGQDYSTQGNVGKISLDQIDLLSTKSFPPCMRQLHKALRENHHLRHGGRMQYGLFLKGIGLTLEQALQFWKQEFIKGKMDPDKFDKGYSYNIRHSFGKEGKRTDYTPFSCLKIILSNPPSQGDYHGCPFRHSDPELLKQKLQSYKISPGGISQILDLVKGTHYQVACQKYFEMIHNVDDCGFSLNHPNQFFCESQRILNGGKDIKKEPIQPETPQPKPSVQKTKDASSALASLNSSLEMDMEGLEDYFSEDS,resi 0-47+92-195,resi 0-316+361-509
84,4ydqB,4twaA,NHIEGFSPEVAWVTKYGDSNLPEEIAIRPTSETIMYSVF,4twaA,GAMAITSKKIENFSDWYTQVIVKSELIEYYDISGCYILRPAAYYIWECVQAFFNKEIKKLNVENSYFPLFVTKNKLEKEKNHIEGFSPEVAWVTKYGDSNLPEEIAIRPTSETIMYSVFPKWIRSYRDLPLKLNQWNTVVRWEFKQPTPFIRTREFLWQEGHTAHKNEEEAVKLVFDILDLYRRWYEEYLAVPIIKGIKSEGEKFGGANFTSTAEAFISENGRAIQAATSHYLGTNFAKMFKIEFEDENEVKQYVHQTSWGCTTRSIGIMIMTHGDDKGLVLPPNVSKYKVVIVPIFYKTTDENAIHSYCKDIEKILKNAQINCVYDDRASYSPGYKFNHWELRGIPIRIEVGPKDLQNNSCVIVRRDNNEKCNVKKESVLLETQQMLVDIHKNLFLKAKKKLDDSIVQVTSFSEVMNALNKKKMVLAPWCEDIATEEEIKKETQRLSLNQTNSETTLSGAMKPLCIPLDQPPMPPNMKCFWSGKPAKRWCLFGRSY,GAMAITSKKIENFSDWYTQVIVKSELIEYYDISGCYILRPAAYYIWECVQAFFNKEIKKLNVENSYFPLFVTKNKLEKEKNHIEGFSPEVAWVTKYGDSNLPEEIAIRPTSETIMYSVFPKWIRSYRDLPLKLNQWNTVVRWEFKQPTPFIRTREFLWQEGHTAHKNEEEAVKLVFDILDLYRRWYEEYLAVPIIKGIKSEGEKFGGANFTSTAEAFISENGRAIQAATSHYLGTNFAKMFKIEFEDENEVKQYVHQTSWGCTTRSIGIMIMTHGDDKGLVLPPNVSKYKVVIVPIFYKTTDENAIHSYCKDIEKILKNAQINCVYDDRASYSPGYKFNHWELRGIPIRIEVGPKDLQNNSCVIVRRDNNEKCNVKKESVLLETQQMLVDIHKNLFLKAKKKLDDSIVQVTSFSEVMNALNKKKMVLAPWCEDIATEEEIKKETQRLSLNQTNSETTLSGAMKPLCIPLDQPPMPPNMKCFWSGKPAKRWCLFGRSY,GAMAITSKKIENFSDWYTQVIVKSELIEYYDISGCYILRPAAYYIWECVQAFFNKEIKKLNVENSYFPLFVTKNKLEKEKNHIEGFSPEVAWVTKYGDSNLPEEIAIRPTSETIMYSVFPKWIRSYRDLPLKLNQWNTVVRWEFKQPTPFIRTREFLWQEGHTAHKNEEEAVKLVFDILDLYRRWYEEYLAVPIIKGIKSEGEKFGGANFTSTAEAFISENGRAIQAATSHYLGTNFAKMFKIEFEDENEVKQYVHQTSWGCTTRSIGIMIMTHGDDKGLVLPPNVSKYKVVIVPIFYKTTDENAIHSYCKDIEKILKNAQINCVYDDRASYSPGYKFNHWELRGIPIRIEVGPKDLQNNSCVIVRRDNNEKCNVKKESVLLETQQMLVDIHKNLFLKAKKKLDDSIVQVTSFSEVMNALNKKKMVLAPWCEDIATEEEIKKETQRLSLNQTNSETTLSGAMKPLCIPLDQPPMPPNMKCFWSGKPAKRWCLFGRSY,resi 0-81+119-497,resi 0-81+119-497
85,1svfC,4wsgC,KTNAAVADVVQATQSLGTAVQAVQDHINSVVSPAITAAN,4wsgC,LDLAALMQIGVIPTNVRQLMYYTEASSAFIVVKLMPTIDSPISGCNITSISSYNATVTKLLQPIGENLETIRNQLIPTRRRFAGVVIGLAALGVATAAQVTAAVALVKANENAAAILNLKNAIQKTNAAVADVVQATQSLGTAVQAVQDHINSVVSPAITAANCKAQDAIIGSILNLYLTELTTIFHNQITNPALSPITIQALRILLGSTLPTVVEKSFNTQISAAELLSSGLLTGQIVGLDLTYMQMVIKIELPTLTVQPATQIIDLATISAFINNQEVMAQLPTRVMVTGSLIQAYPASQCTITPNTVYCRYNDAQVLSDDTMACLQGNLTRCTFSPVVGSFLTRFVLFDGIVYANCRSMLCKCMQPAAVILQPSSSPVTVIDMYKCVSLQLDNLRFTITQLANVTYNSTIKLESSQILPIDPLDISQNLAAVNKSLSDALQHLAQSDTYLSAIEDKIEEILSKIYHIENEIARIKKLIGEAPGGIEGRHHHHHH,TAAVALVKANENAAAILNLKNAIQKTNAAVADVVQATQSLGTAVQAVQDHINSVVSPAITAANY,LDLAALMQIGVIPTNVRQLMYYTEASSAFIVVKLMPTIDSPISGCNITSISSYNATVTKLLQPIGENLETIRNQLIPTRRRFAGVVIGLAALGVATAAQVTAAVALVKANENAAAILNLKNAIQKTNAAVADVVQATQSLGTAVQAVQDHINSVVSPAITAANCKAQDAIIGSILNLYLTELTTIFHNQITNPALSPITIQALRILLGSTLPTVVEKSFNTQISAAELLSSGLLTGQIVGLDLTYMQMVIKIELPTLTVQPATQIIDLATISAFINNQEVMAQLPTRVMVTGSLIQAYPASQCTITPNTVYCRYNDAQVLSDDTMACLQGNLTRCTFSPVVGSFLTRFVLFDGIVYANCRSMLCKCMQPAAVILQPSSSPVTVIDMYKCVSLQLDNLRFTITQLANVTYNSTIKLESSQILPIDPLDISQNLAAVNKSLSDALQHLAQSDTYLSAIEDKIEEILSKIYHIENEIARIKKLIGEAPGGIEGRHHHHHH,resi 0-14+64-64,resi 0-114+174-497
86,5bmyA,5b3zA,WEKRMSRSSGRVYYFNHITNASQWERPSG,5b3zA,MEKLPPGWEKRMSRSSGRVYYFNHITNASQWERPSGKIEEGKLVIWINGDKGYNGLAEVGKKFEKDTGIKVTVEHPDKLEEKFPQVAATGDGPDIIFWAHDRFGGYAQSGLLAEITPDKAFQDKLYPFTWDAVRYNGKLIAYPIAVEALSLIYNKDLLPNPPKTWEEIPALDKELKAKGKSALMFNLQEPYFTWPLIAADGGYAFKYENGKYDIKDVGVDNAGAKAGLTFLVDLIKNKHMNADTDYSIAEAAFNKGETAMTINGPWAWSNIDTSKVNYGVTVLPTFKGQPSKPFVGVLSAGINAASPNKELAKEFLENYLLTDEGLEAVNKDKPLGAVALKSYEEELAKDPRIAATMENAQKGEIMPNIPQMSAFWYAVRTAVINAASGRQTVDEALKDAQTN,MEKLPPGWEKRMSRSSGRGSGMKIEEGKLVIWINGDKGYNGLAEVGKKFEKDTGIKVTVEHPDKLEEKFPQVAATGDGPDIIFWAHDRFGGYAQSGLLAEITPDKAFQDKLYPFTWDAVRYNGKLIAYPIAVEALSLIYNKDLLPNPPKTWEEIPALDKELKAKGKSALMFNLQEPYFTWPLIAADGGYAFKYENGKYDIKDVGVDNAGAKAGLTFLVDLIKNKHMNADTDYSIAEAAFNKGETAMTINGPWAWSNIDTSKVNYGVTVLPTFKGQPSKPFVGVLSAGINAASPNKELAKEFLENYLLTDEGLEAVNKDKPLGAVALKSYEEELAKDPRIAATMENAQKGEIMPNIPQMSAFWYAVRTAVINAASGRQTVDEALKDAQTN,MEKLPPGWEKRMSRSSGRVYYFNHITNASQWERPSGKIEEGKLVIWINGDKGYNGLAEVGKKFEKDTGIKVTVEHPDKLEEKFPQVAATGDGPDIIFWAHDRFGGYAQSGLLAEITPDKAFQDKLYPFTWDAVRYNGKLIAYPIAVEALSLIYNKDLLPNPPKTWEEIPALDKELKAKGKSALMFNLQEPYFTWPLIAADGGYAFKYENGKYDIKDVGVDNAGAKAGLTFLVDLIKNKHMNADTDYSIAEAAFNKGETAMTINGPWAWSNIDTSKVNYGVTVLPTFKGQPSKPFVGVLSAGINAASPNKELAKEFLENYLLTDEGLEAVNKDKPLGAVALKSYEEELAKDPRIAATMENAQKGEIMPNIPQMSAFWYAVRTAVINAASGRQTVDEALKDAQTN,resi 0-4+40-389,resi 0-4+40-403
87,3zxgB,5ec5P,KNVNSETRTVTATHSIGSTISTGDAFEIGSVEVSYSHSHQKSQVSMTQTEVYSS,5ec5P,GMSAKAAEGYEQIEVDVVAVWKEGYVYENRGSTSVDQKITITKGMKNVNSETRTVTATHSIGSTISTGDAFEIGSVEVSYSHSHQKSQVSMTQTEVYSSKVIEHTITIPPTSKFTRWQLNADVGGAGIEYMYLIDEVTPIGGTQSIPQVITSRAKIIVGRQIILGKTEIRIKHAERKEYMTVVSRKSWPAATLGHSKLFKFVLYEDWGGFRIKTLNTMYSGYEYAYSSDQGGIYFDQGTDNPKQRWAINKSLPLRHGDVVTFMNKYFTRSGLCYDDGPATNVYCLDKREDKWILEVVG,PISPIETVPVKLKPGMDGPKVKQWPLTEEKIKALVEICTEMEKEGKISKIGPENPYNTPVFAIKKKDSTKWRKLVDFRELNKRTQDFWEVQLGIPHPAGLKKKKSVTVLDVGDAYFSVPLDEDFRKYTAFTIPSINNETPGIRYQYNVLPQGWKGSPAIFQSSMTKILEPFRKQNPDIVIYQYMDDLYVGSDLEIGQHRTKIEELRQHLLRWGLTTPDKKHQKEPPFLWMGYELHPDKWTVQPIVLPEKDSWTVNDIQKLVGKLNWASQIYPGIKVRQLCKLLRGTKALTEVIPLTEEAELELAENREILKEPVHGVYYDPSKDLIAEIQKQGQGQWTYQIYQEPFKNLKTGKYARMRGAHTNDVKQLTEAVQKITTESIVIWGKTPKFKLPIQKETWETWWTEYWQATWIPEWEFVNTPPLVKLWYQLEKEPIVGAETFYVDGAANRETKLGKAGYVTNRGRQKVVTLTDTTNQKTELQAIYLALQDSGLEVNIVTDSQYALGIIQAQPDQSESELVNQIIEQLIKKEKVYLAWVPAHKGIGGNEQVDKLVSAGIRKVL,GMSAKAAEGYEQIEVDVVAVWKEGYVYENRGSTSVDQKITITKGMKNVNSETRTVTATHSIGSTISTGDAFEIGSVEVSYSHSHQKSQVSMTQTEVYSSKVIEHTITIPPTSKFTRWQLNADVGGAGIEYMYLIDEVTPIGGTQSIPQVITSRAKIIVGRQIILGKTEIRIKHAERKEYMTVVSRKSWPAATLGHSKLFKFVLYEDWGGFRIKTLNTMYSGYEYAYSSDQGGIYFDQGTDNPKQRWAINKSLPLRHGDVVTFMNKYFTRSGLCYDDGPATNVYCLDKREDKWILEVVG,resi 0-482+546-560,resi 0-41+104-298
88,5f5rB,5f3kA,GSTSKHEFQAETKKLLDIVARSLYS,5f3kA,AGHSTQTAEDKEEPLHSIISSTESVQGSTSKHEFQAETKKLLDIVARSLYSEKEVFIRELISNASDALEKLRHKLVSDGQALPEMEIHLQTNAEKGTITIQDTGIGMTQEELVSNLGTIARSGSKAFLDALQNQAEASSKIIGQFGVGFYSAFMVADRVEVYSRSAAPGSLGYQWLSDGSGVFEIAEASGVRTGTKIIIHLKSDCKEFSSEARVRDVVTKYSNFVSFPLYLNGRRMNT,MEKLPPGWEKRMSRSSGRVYYFNHITNASQWERPSGKIEEGKLVIWINGDKGYNGLAEVGKKFEKDTGIKVTVEHPDKLEEKFPQVAATGDGPDIIFWAHDRFGGYAQSGLLAEITPDKAFQDKLYPFTWDAVRYNGKLIAYPIAVEALSLIYNKDLLPNPPKTWEEIPALDKELKAKGKSALMFNLQEPYFTWPLIAADGGYAFKYENGKYDIKDVGVDNAGAKAGLTFLVDLIKNKHMNADTDYSIAEAAFNKGETAMTINGPWAWSNIDTSKVNYGVTVLPTFKGQPSKPFVGVLSAGINAASPNKELAKEFLENYLLTDEGLEAVNKDKPLGAVALKSYEEELAKDPRIAATMENAQKGEIMPNIPQMSAFWYAVRTAVINAASGRQTVDEALKDAQTN,AGHSTQTAEDKEEPLHSIISSTESVQGSTSKHEFQAETKKLLDIVARSLYSEKEVFIRELISNASDALEKLRHKLVSDGQALPEMEIHLQTNAEKGTITIQDTGIGMTQEELVSNLGTIARSGSKAFLDALQNQAEASSKIIGQFGVGFYSAFMVADRVEVYSRSAAPGSLGYQWLSDGSGVFEIAEASGVRTGTKIIIHLKSDCKEFSSEARVRDVVTKYSNFVSFPLYLNGRRMNT,resi 0-306+359-403,resi 0-15+63-238
89,1eboE,5fhcJ,IEGLMHNQDGLICGLRQLANETTQALQLFLRATTELRTFSILNRKAIDFLLQRWGG,5fhcJ,EAIVNAQPKCNPNLHYWTTQDEGAAIGLAWIPYFGPAAEGIYIEGLMHNQDGLICGLRQLANETTQALQLFLRATTELRTFSILNRKAIDFLLQRWGG,MKQIEDKIEEILSKIYHIENEIARIKKLIGEADGLIEGLRQLANETTQALQLFLRATTELRTFSILNRKAIDFLLQRWGGTCHILGPDCRIEPHDWTKNITDKIDQIIHDFVDKTLPDQGDNDNWWTGWRQ,MKQIEDKIEEILSKIYHIENEIARIKKLIGEADGLIEGLRQLANETTQALQLFLRATTELRTFSILNRKAIDFLLQRWGGTCHILGPDCRIEPHDWTKNITDKIDQIIHDFVDKTLPDQGDNDNWWTGWRQ,resi 0-25+80-131,resi 0-25+80-131
90,2kb8A,6vw2A,QRLANFLVHSSNNFGAILSSTNVGSNTY,2kb8A,KCNTATCATQRLANFLVHSSNNFGAILSSTNVGSNTY,KCNTATCATQRLANFLVHSSNNFGAILSSTNVGSNTY,MGSSHHHHHHGSGLVPRGSASMSDSEVNQEAKPEVKPEVKPETHINLKVSDGSSEIFFKIKKTTPLRRLMEAFAKRQGKEMDSLRFLYDGIRIQADQTPEDLDMEDNDIIEAHREQIGKCNTATCATQRLANFLVHSSNNFGAILSSTNVGSNTY,resi 0-10+37-37,resi 0-128+155-155
91,4yhdG,7ahlE,DYYPRNSIDTKEYMSTLTYGFNGNVTGDDTGKIGGLIGANVSIGHTLKYVQPD,7ahlE,ADSDINIKTGTTDIGSNTTVKTGDLVTYDKENGMHKKVFYSFIDDKNHNKKLLVIRTKGTIAGQYRVYSEEGANKSGLAWPSAFKVQLQLPDNEVAQISDYYPRNSIDTKEYMSTLTYGFNGNVTGDDTGKIGGLIGANVSIGHTLKYVQPDFKTILESPTDKKVGWKVIFNNMVNQNWGPYDRDSWNPVYGNQLFMKTRNGSMKAADNFLDPNKASSLLSSGFSPDFATVITMDRKASKQQTNIDVIYERVRDDYQLHWTSTNWKGTNTKDKWTDRSSERYKIDWEKEEMTN,MADSDINIKTGTTDIGSNTTVKTGDLVTYDKENGMAKKVFYSFIDDKNHNKKLLVIRTKGTIAGQYRVYSEEGANKSGLAWPSAFKVQLQLPDNEVAQISDYYPRNSIDTKEYMSTLTYGFNGNVTGDDTGKIGGLIGANVSIGHTLKYVQPDFKTILESPTDKKVGWKVIFNNMVNQNWGPYDRDSWNPVYGNQLFMKTRNGSMKAAENFLDPNKASSLLSSGFSPDFATVITMDRKASKQQTNIDVIYERVRDDYQLHWTSTNWKGTNTKDKWTDRSSERYKIDWEKEEMTNLEHHHHHH,ADSDINIKTGTTDIGSNTTVKTGDLVTYDKENGMHKKVFYSFIDDKNHNKKLLVIRTKGTIAGQYRVYSEEGANKSGLAWPSAFKVQLQLPDNEVAQISDYYPRNSIDTKEYMSTLTYGFNGNVTGDDTGKIGGLIGANVSIGHTLKYVQPDFKTILESPTDKKVGWKVIFNNMVNQNWGPYDRDSWNPVYGNQLFMKTRNGSMKAADNFLDPNKASSLLSSGFSPDFATVITMDRKASKQQTNIDVIYERVRDDYQLHWTSTNWKGTNTKDKWTDRSSERYKIDWEKEEMTN,resi 0-96+158-302,resi 0-95+157-293
TSTNWKGTNTKDKWTDRSSERYKIDWEKEEMTN,,,,,,,,,
